date,block_number,block_hash,block_timestamp_utc,oracle_address,0xc02aaa39b223fe8d0a0e5c4f27ead9083c756cc2,0x2260fac5e5542a773aa44fbcfedf7c193bc2c599,0xdac17f958d2ee523a2206206994597c13d831ec7
2025-07-20,22960453,0xb20b2203974aca2e5cb4d232c30dfb053d7b99d52d542eed6cc6572e31064814,2025-07-20T12:37:59+00:00,0x54586bE62E3c3580375aE3723C145253060Ca0C2,3726.3952,117742.34476123,1.00043
2025-07-21,22967616,0xcdb5d81bbabb20027a6deb8278cd55baf73aeddb92a8ace34d9d96737b536c8a,2025-07-21T12:37:59+00:00,0x54586bE62E3c3580375aE3723C145253060Ca0C2,3809.59,118540.20833052,1.000231
2025-07-22,22974764,0x037fb7cc34f83189e88da14330ec79f98f273db8ac403c4c53147134db4f3695,2025-07-22T12:37:59+00:00,0x54586bE62E3c3580375aE3723C145253060Ca0C2,3712.553042,119047.04156475,1.000392
2025-07-23,22981918,0x00ce28d467efa0b41a80be115e139375983504e4d3c0d9add5dc0062e4ca10f2,2025-07-23T12:37:59+00:00,0x54586bE62E3c3580375aE3723C145253060Ca0C2,3674.0797713,118477.89116346,1.000393
2025-07-24,22989060,0x207b37875c146fe4e4ecbe65aed167ca2d884e7674edd2b9dd0b605fc4b59be8,2025-07-24T12:37:59+00:00,0x54586bE62E3c3580375aE3723C145253060Ca0C2,3640.13,118456.36542686,1.00050989
2025-07-25,22996207,0x4f94d791f7a88ba7501e5662dd3d40d777e41af882baf0decfe94d1a097301f8,2025-07-25T12:37:59+00:00,0x54586bE62E3c3580375aE3723C145253060Ca0C2,3711.24,115980.96495932,1.00005492
2025-07-26,23003369,0x8df787323ddbd5caf9da80150751f26a0ad0466dc8b3fee60e39788fd641d49f,2025-07-26T12:37:59+00:00,0x54586bE62E3c3580375aE3723C145253060Ca0C2,3743.16,117762.63408966,1.00021576
2025-07-27,23010528,0x188896837d9a8e5c42f0580f0f802000e8dc45b3da41d014cd8affb99a8123ec,2025-07-27T12:37:59+00:00,0x54586bE62E3c3580375aE3723C145253060Ca0C2,3808.500523,117993.9660888,1.00034406
2025-07-28,23017691,0x011b635c621b76af39f5aa1a9e032ace224d9500aba8d65c2b43fb8b53d7d84b,2025-07-28T12:37:59+00:00,0x54586bE62E3c3580375aE3723C145253060Ca0C2,3881.69,118823.76182965,1.00007
2025-07-29,23024843,0x3e83d125aa63fba5d1871ec0e6e62f31410915750bf0f7d362359f0912458cf8,2025-07-29T12:37:59+00:00,0x54586bE62E3c3580375aE3723C145253060Ca0C2,3855.916,118509.75996194,0.99997814
2025-07-30,23031989,0x8cc2a7aea1ec2d54e824b470b15a7e5e9ae0c9993a83b476c476a01e6b9e281f,2025-07-30T12:37:59+00:00,0x54586bE62E3c3580375aE3723C145253060Ca0C2,3778.97297706,117554.1464916,0.9999341
2025-07-31,23039132,0x0e4510ab23f3c50fe77e834472b986b698d43d8fe801762cfe2ed04199100bfd,2025-07-31T12:37:59+00:00,0x54586bE62E3c3580375aE3723C145253060Ca0C2,3836.073015,118249.8239484,0.99997702
2025-08-01,23046280,0xfcd0e362a38ff4ef16a3b0761ace7f3fbdf69de10a556c5557ad772a82a33853,2025-08-01T12:37:59+00:00,0x54586bE62E3c3580375aE3723C145253060Ca0C2,3669.5142,115391.5088183,0.99974094
2025-08-02,23053421,0x2378ceb2f4e93ac701a0186a3e145134db97378155373371ad099fa67228f632,2025-08-02T12:37:59+00:00,0x54586bE62E3c3580375aE3723C145253060Ca0C2,3507.39413562,113585.41578832,0.99975681
2025-08-03,23060585,0x09bcf29a95919366ef03164b17fd83413803d66ed011f1726ba559b70a1efd13,2025-08-03T12:37:59+00:00,0x54586bE62E3c3580375aE3723C145253060Ca0C2,3481.34,113785.66254076,0.99988455
2025-08-04,23067749,0x818dd90673ed7326b5265696ae958497191bb282020bf530b6c97ecbf1754855,2025-08-04T12:37:59+00:00,0x54586bE62E3c3580375aE3723C145253060Ca0C2,3557.66582932,114342.60268,0.99996396
2025-08-05,23074912,0x3ac797141292cdf9f21df280e8aa4e7f017b3bfcc633dfe63691372943033bb0,2025-08-05T12:37:59+00:00,0x54586bE62E3c3580375aE3723C145253060Ca0C2,3647.41,114793.36428,0.99973
2025-08-06,23082073,0xa0d7991d4fdb8e42f472644ed40444ae080a988c236a5b53290761e7061b7ad6,2025-08-06T12:37:59+00:00,0x54586bE62E3c3580375aE3723C145253060Ca0C2,3602.62200028,114059.69919335,0.99982145
2025-08-07,23089232,0x678b6efe1ed5cd63e36aadb7b2888502d1529c32843ead732c3fab56cb9fc39e,2025-08-07T12:37:59+00:00,0x54586bE62E3c3580375aE3723C145253060Ca0C2,3840.56210684,116159.70710022,1.00014177
2025-08-08,23096392,0x5e159852c1d3f6bacbf246f426d01c559d9b23988d07250263fcc41d415b6098,2025-08-08T12:37:59+00:00,0x54586bE62E3c3580375aE3723C145253060Ca0C2,3899.826359,116616.00696144,1.0001792
2025-08-09,23103545,0x399fcb4cb20dbe3295d2b28863d80bc5796bc203da726b5964c6345b971ccada,2025-08-09T12:37:59+00:00,0x54586bE62E3c3580375aE3723C145253060Ca0C2,4187.5328,117060.86399352,1.00005667
2025-08-10,23110701,0xd54c3b9b5495d3cd21cf4578d7bd068554c7a6e8022d0abd338866487f4ba197,2025-08-10T12:37:59+00:00,0x54586bE62E3c3580375aE3723C145253060Ca0C2,4175.86,118490.8979908,0.99998932
2025-08-11,23117856,0x55dd1f29ed4bc742c5d03d936f2dba1c62cf97bd5343338e5f1e98fc1f077e97,2025-08-11T12:37:59+00:00,0x54586bE62E3c3580375aE3723C145253060Ca0C2,4174.79,120147.2013362,0.99982878
2025-08-12,23125013,0x8aea5be133e892e68bc163de14e2c1e4ce54fbf0b9bcec74a5e8cce20e9c47ca,2025-08-12T12:37:59+00:00,0x54586bE62E3c3580375aE3723C145253060Ca0C2,4349.037084,118922.23752958,0.9999469
2025-08-13,23132176,0x6aaddb8227ee590c610f67d1072b1bb3cf1dad501a070ede1f4cdb13bd7401f5,2025-08-13T12:37:59+00:00,0x54586bE62E3c3580375aE3723C145253060Ca0C2,4695.63247793,120542.71199899,0.99998405
2025-08-14,23139334,0xdc4cae3d598b18ee22d970fda20b51f17e0afd7dfb789b92832470da757be836,2025-08-14T12:37:59+00:00,0x54586bE62E3c3580375aE3723C145253060Ca0C2,4611.346877,119030.44106202,1.00046
2025-08-15,23146482,0xa3823efd3277dbcb4b53d4726a9823fa328d04718f7323274f74bc79b2bb6638,2025-08-15T12:37:59+00:00,0x54586bE62E3c3580375aE3723C145253060Ca0C2,4626.9118,119132.6532466,1.0006
2025-08-16,23153648,0x2d77e7ca6e16499765f3d0ebb61fd19b1406c830962826d031fdab73caf02e30,2025-08-16T12:37:59+00:00,0x54586bE62E3c3580375aE3723C145253060Ca0C2,4387.22,117503.04384545,1.00066
2025-08-17,23160827,0xd025b3dd2ea58b1bbaaffded2920016347fa3dc708e3b53e2065a2df4c14f8e9,2025-08-17T12:37:59+00:00,0x54586bE62E3c3580375aE3723C145253060Ca0C2,4557.41,118357.453071,1.000637
2025-08-18,23167991,0xef619925cc693db83abb221f82b1a39f8e7cc4bce3d045b065bdeed6cf50cced,2025-08-18T12:37:59+00:00,0x54586bE62E3c3580375aE3723C145253060Ca0C2,4297.13643559,115052.32116022,1.00051753
2025-08-19,23175167,0x07b24aaa655ec4d69f6bb080e697909416a5541bf665022c65f1bec87e58029f,2025-08-19T12:37:59+00:00,0x54586bE62E3c3580375aE3723C145253060Ca0C2,4305.71277846,115557.70986295,1.000292
2025-08-20,23182338,0x880627970e53b94fb5f941c1030f8db48378e035dce801ceab47232ac2f1bc49,2025-08-20T12:37:59+00:00,0x54586bE62E3c3580375aE3723C145253060Ca0C2,4187.26,113901.760008,0.99995
2025-08-21,23189505,0x6bc27f6f863d7042f87cce48c333e7a163b52a715c1a1d0bbd540d329e9828bf,2025-08-21T12:37:59+00:00,0x54586bE62E3c3580375aE3723C145253060Ca0C2,4283.84,113148.89874323,0.99991478
2025-08-22,23196665,0x09d27bfb37fd34dfcf061514e9ce6eb919fb637a5373cb08f67137ad380c3f68,2025-08-22T12:37:59+00:00,0x54586bE62E3c3580375aE3723C145253060Ca0C2,4211.21,111765.74134104,0.99975
2025-08-23,23203833,0x99abf91157801de7f8a86ec12cc0f42c57fb98e7814a66605f8f9dbabf53d5f5,2025-08-23T12:37:59+00:00,0x54586bE62E3c3580375aE3723C145253060Ca0C2,4717.99,115501.37528046,0.99958522
2025-08-24,23210998,0x59c83a6bfd0aeb0d619afdbc1a7c61fa3b417edfa102236ed709963b1416681b,2025-08-24T12:37:59+00:00,0x54586bE62E3c3580375aE3723C145253060Ca0C2,4748.951,114665.79949864,0.99957852
2025-08-25,23218171,0xb720dc6ed01dc596147f5355303b5bd9c4e68016023436757f02cea3ff7be7c0,2025-08-25T12:37:59+00:00,0x54586bE62E3c3580375aE3723C145253060Ca0C2,4617.5435,111756.4812,0.9997176
2025-08-26,23225334,0xe0cd3e8c4e0fc39d91498891c1e68a05a3b173e23ea18a4d01095a059a763e55,2025-08-26T12:37:59+00:00,0x54586bE62E3c3580375aE3723C145253060Ca0C2,4474.53479702,109905.33377124,0.99999
2025-08-27,23232506,0x8b635cc58c5b38926ad17476e307d25fb31aaf7b7cefef0d71086057eb15b0aa,2025-08-27T12:37:59+00:00,0x54586bE62E3c3580375aE3723C145253060Ca0C2,4590.98883964,111475.41527012,0.99994465
2025-08-28,23239662,0xd0906ba97e4d3f02c4351e5ffc12c6f5cada628750d475e4b216ecd494ec8b3e,2025-08-28T12:37:59+00:00,0x54586bE62E3c3580375aE3723C145253060Ca0C2,4588.2989,113023.61315365,1.0000567
2025-08-29,23246829,0x8046a315629cb05e9a090b2974a1d7f6d1cab72cfa2e1f83d3c7ac90296b35d9,2025-08-29T12:37:59+00:00,0x54586bE62E3c3580375aE3723C145253060Ca0C2,4387.32,111000.96343681,0.99993456
2025-08-30,23254002,0xfaca50be0c736a95ae014274353b5bc8928b496cc86ce9999a1f748af6eaff19,2025-08-30T12:37:59+00:00,0x54586bE62E3c3580375aE3723C145253060Ca0C2,4380.91754672,108732.7832968,0.99999499
2025-08-31,23261176,0x3d4f9065337be8c795700a4eff41c1923f5a304a7cd711cb69092b5dad5c34e7,2025-08-31T12:37:59+00:00,0x54586bE62E3c3580375aE3723C145253060Ca0C2,4478.76841598,108505.36808062,1.00004034
2025-09-01,23268333,0x26129ed51596e4a6096c33af2474c3da54481bc1422464639b3b583c0c242825,2025-09-01T12:37:59+00:00,0x54586bE62E3c3580375aE3723C145253060Ca0C2,4411.81776148,108736.78865714,0.99998837
2025-09-02,23275466,0xd494143bde0145ba241c3acc6b3647b788eeb8c641092ddad55ad001c47d4c32,2025-09-02T12:37:59+00:00,0x54586bE62E3c3580375aE3723C145253060Ca0C2,4331.77737663,109704.5481805,1.00002246
2025-09-03,23282633,0xb3b1fcd8c1efac954742d895f67cc22b275fc051ec8f9b1661131d861ee222d6,2025-09-03T12:37:59+00:00,0x54586bE62E3c3580375aE3723C145253060Ca0C2,4367.59,111576.72837279,1.000018
2025-09-04,23289794,0x693d6c8a1be67e07b74777345797f8f6b58490658789a0f59972e89379a944e7,2025-09-04T12:37:59+00:00,0x54586bE62E3c3580375aE3723C145253060Ca0C2,4407.65111312,110908.81215482,1.000198
2025-09-05,23296953,0xc1b040c12ed280cd9cbfaf4e7c82a196d9db15bcea3b8450588a18b34914f9d7,2025-09-05T12:37:59+00:00,0x54586bE62E3c3580375aE3723C145253060Ca0C2,4436.82,112914.84625673,1
2025-09-06,23304104,0x53c4fb06ceeafb101286abb86f24e2f9f07f07496545cc7040854b8a3063cf65,2025-09-06T12:37:59+00:00,0x54586bE62E3c3580375aE3723C145253060Ca0C2,4300.07535672,110843.2681976,0.99999
2025-09-07,23311266,0x67dd424cb91bd50bd7f5ddf75d7e694f3483f9dbf77453895b9dd9c35387f285,2025-09-07T12:37:59+00:00,0x54586bE62E3c3580375aE3723C145253060Ca0C2,4297.53,111225.01654563,1.000123
2025-09-08,23318423,0x3629b423f38a5bc3dd580fde5e586a593ff9617f6f8d30d6fd865e99dc830aa1,2025-09-08T12:37:59+00:00,0x54586bE62E3c3580375aE3723C145253060Ca0C2,4313.89,111835.05933798,0.999956
2025-09-09,23325587,0x66b95a31101f14ef2e3df301f206ce934230dbfe59f5cde4c390865bd87677c0,2025-09-09T12:37:59+00:00,0x54586bE62E3c3580375aE3723C145253060Ca0C2,4350.42335096,112584.83487678,1.00002297
2025-09-10,23332730,0x35a93ffd3174b496e60b048b48f8acbd75bc02a763a065d6032a329a1943b5c0,2025-09-10T12:37:47+00:00,0x54586bE62E3c3580375aE3723C145253060Ca0C2,4389.64,113469.0460368,0.99998
2025-09-11,23339867,0x0cbad07576d98b99742f0fd8adbb925545993b5edd4174cb8b39e2e013042b1d,2025-09-11T12:37:59+00:00,0x54586bE62E3c3580375aE3723C145253060Ca0C2,4414.50001463,114004.62048411,1.000183
2025-09-12,23347033,0x2cd55f7b621e072ebf721981bcb7561d6119c97accadba9f57cea8dbe24365f8,2025-09-12T12:37:59+00:00,0x54586bE62E3c3580375aE3723C145253060Ca0C2,4513.35949646,115076.1302759,1.00022
2025-09-13,23354196,0x469225035265fecd79566a0ae8012b6331ca9a80a2c5c84050f2dd1b649c9f7d,2025-09-13T12:37:59+00:00,0x54586bE62E3c3580375aE3723C145253060Ca0C2,4726.25,115964.39652618,1.00044025
2025-09-14,23361367,0xc8500bce4d07eed42d5521def9b080735610ebaced53756aa58a45393d48c22b,2025-09-14T12:37:59+00:00,0x54586bE62E3c3580375aE3723C145253060Ca0C2,4643.37578251,115862.92513956,1.00042
2025-09-15,23368527,0x0bf133a9c7622564ba9f931e17c45b60fea3c6e0f5639bf149a7054b2e0d37a9,2025-09-15T12:37:59+00:00,0x54586bE62E3c3580375aE3723C145253060Ca0C2,4533.2663564,115126.91739847,1.00028785
2025-09-16,23375674,0xeb9f97d3b51cfb8ef57ae7beb96b8d40c9bb1d2032e12eafbdba1da54589d764,2025-09-16T12:37:59+00:00,0x54586bE62E3c3580375aE3723C145253060Ca0C2,4502.66,115353.05247789,1.00015715
2025-09-17,23382851,0xcce65ec61d30a8751d302b8fcbd73f92fea324ddf229651a5e69fb5845957e96,2025-09-17T12:37:59+00:00,0x54586bE62E3c3580375aE3723C145253060Ca0C2,4491.43,116291.9898695,1.00026
2025-09-18,23390010,0x287b48e387198fb397fcd8a2248be80c848de867c3a9a9d1f02d6ea72cd56c4c,2025-09-18T12:37:47+00:00,0x54586bE62E3c3580375aE3723C145253060Ca0C2,4578.081767,117311.39194201,1.000284
2025-09-19,23397174,0x2622272e352ddb1cf66c386d0351bf8a52d7c8dae45c7d270aff7446f94bad82,2025-09-19T12:37:59+00:00,0x54586bE62E3c3580375aE3723C145253060Ca0C2,4518.08,116447.35280353,1.0002751
2025-09-20,23404325,0x3ae3023969858c4b46314c5eb3241e66690440c318c7a0eef709be4d80d38145,2025-09-20T12:37:59+00:00,0x54586bE62E3c3580375aE3723C145253060Ca0C2,4470.24658356,115972.293235,1.00034
2025-09-21,23411470,0x79e538c789a9beccf797e20aa5553e848b49f073c0ca98f540338a03a2d1276d,2025-09-21T12:37:59+00:00,0x54586bE62E3c3580375aE3723C145253060Ca0C2,4471.494251,115802.85538181,1.00044557
2025-09-22,23418615,0xc837647d4179a3a55c4dc013f95f2ec626823b4627bbef6a005546b9ab38331f,2025-09-22T12:37:59+00:00,0x54586bE62E3c3580375aE3723C145253060Ca0C2,4191.55,112692.04541977,1.00049318
2025-09-23,23425778,0xccc1e8ae45060f38fc9861cdac86de27432c0f6a66aa5023b3325eacac9bd68a,2025-09-23T12:37:59+00:00,0x54586bE62E3c3580375aE3723C145253060Ca0C2,4190.1,112916.68188561,1.000541
2025-09-24,23432945,0x895f6071e1de99826eaa4e278867d38ab058cd8c9d669d8f623361c77c17a133,2025-09-24T12:37:59+00:00,0x54586bE62E3c3580375aE3723C145253060Ca0C2,4178.804,112983.4982913,1.00005619
2025-09-25,23440100,0x8116115379e6f192eb18774697745467a1506a676b4fd71fd222231e3c818fed,2025-09-25T12:37:59+00:00,0x54586bE62E3c3580375aE3723C145253060Ca0C2,3999.5002878,111509.06496561,1.0001737
2025-09-26,23447236,0xf07a9adf11d102a06771eb25a77351ce268c2393afd6d8de2f60f5dcadc9ccf4,2025-09-26T12:37:59+00:00,0x54586bE62E3c3580375aE3723C145253060Ca0C2,3956.04497301,109119.72277741,1.0007672
2025-09-27,23454386,0xbaa4bb6dc62f574c583d9a0e7632ca9cdea35caebb121f9e8e2f1e233c7fc2e5,2025-09-27T12:37:59+00:00,0x54586bE62E3c3580375aE3723C145253060Ca0C2,3998.81,109501.44172388,1.00044
2025-09-28,23461543,0x40f2d84d2bdc644ed9ef182cab5d7f1ce650bee68fb8fd257a81a59634d191f0,2025-09-28T12:37:59+00:00,0x54586bE62E3c3580375aE3723C145253060Ca0C2,3992.8,109425.4179734,1.00047892
2025-09-29,23468695,0xd9aff23861168d4c79b51a79fc92d5d59391fbf5252870366cab0159881c208f,2025-09-29T12:37:59+00:00,0x54586bE62E3c3580375aE3723C145253060Ca0C2,4112.168155,112455.11532838,1.0002471
2025-09-30,23475855,0xd7658f8d48d640b7c45c98b4d6ccde49d26229db3542b6156da5f09d783b463e,2025-09-30T12:37:59+00:00,0x54586bE62E3c3580375aE3723C145253060Ca0C2,4165.1871134,113116.2304679,1.000348
2025-10-01,23482999,0x4f3fed1e2d5981d377be0186db2e2e2f605ab561fb80f816fca31964bfbb985f,2025-10-01T12:37:59+00:00,0x54586bE62E3c3580375aE3723C145253060Ca0C2,4300.27,116664.96965,1.000184
2025-10-02,23490147,0x03b24cf75157971d90be5cc0ac71080844d5db03901c5626532962b55e0d4459,2025-10-02T12:37:59+00:00,0x54586bE62E3c3580375aE3723C145253060Ca0C2,4392.144965,118858.73044568,1.0004
2025-10-03,23497301,0xd8420179e12d763eeac6a57ce9146bd9c1262e92654d0695ce864acead2f0a01,2025-10-03T12:37:59+00:00,0x54586bE62E3c3580375aE3723C145253060Ca0C2,4483.32878292,120464.221748,1.0006
2025-10-04,23504464,0xf4cbf74b9759645d946fcb5d1026d107c1b623abf09c50af9adf3218171178cf,2025-10-04T12:37:59+00:00,0x54586bE62E3c3580375aE3723C145253060Ca0C2,4492.2,122126.50312293,1.00042786
2025-10-05,23511616,0x37fa390770d24e32632b5eb057f31fc965c68a76f53fc2ca6a491cf92fe1c613,2025-10-05T12:37:59+00:00,0x54586bE62E3c3580375aE3723C145253060Ca0C2,4541.18448073,123178.31690971,1.00023475
2025-10-06,23518777,0xcb2fca3cf9fbeec97861d9ab8cddb507d3e318c1c61d3fb49ead87adbd7e402d,2025-10-06T12:37:59+00:00,0x54586bE62E3c3580375aE3723C145253060Ca0C2,4587.76341931,124417.8983429,1.00021
2025-10-07,23525926,0x514ad121921d72ee742f075111818492889406448a032a9738e5db0cc6c37f93,2025-10-07T12:37:59+00:00,0x54586bE62E3c3580375aE3723C145253060Ca0C2,4700.03115764,124456.463065,1.00045162
2025-10-08,23533078,0x393198bf09fc25386e2ded3ba883be53425f31ad7bf59f55cdf496a121c22545,2025-10-08T12:37:59+00:00,0x54586bE62E3c3580375aE3723C145253060Ca0C2,4488.0747454,122907.79080662,1.000269
2025-10-09,23540225,0x3aed0d3a3d560af16170f2dcab18a4c51863166ff08b064f8689e1b369958df7,2025-10-09T12:37:59+00:00,0x54586bE62E3c3580375aE3723C145253060Ca0C2,4390.61084453,122840.60217,1.00005282
2025-10-10,23547381,0x18ee48a5895527ecff655fa9f065cdcc127ad6dc6f8188b8094f8242b0cc8fce,2025-10-10T12:37:59+00:00,0x54586bE62E3c3580375aE3723C145253060Ca0C2,4346.608706,121569.74163066,1.000254
2025-10-11,23554532,0xe04eb91df68c3f073606743e4f1b087590a89873d4b5f92ffa72fcc03bb38b39,2025-10-11T12:37:59+00:00,0x54586bE62E3c3580375aE3723C145253060Ca0C2,3841.53,112047.79649769,1.00061096
2025-10-12,23561692,0x52635113892aef2cae6b824d83d74a409f8677d22a44f5ba516e1ea6fd393974,2025-10-12T12:37:59+00:00,0x54586bE62E3c3580375aE3723C145253060Ca0C2,3840.584795,112004.6391264,1.00054
2025-10-13,23568838,0x48527daf00f1456b24f8c2b5b9c5fe9c00b8e4d1d1e57199fc893de7fc08817f,2025-10-13T12:37:59+00:00,0x54586bE62E3c3580375aE3723C145253060Ca0C2,4114.8443849,114614.58899889,1.0006
2025-10-14,23575992,0xb3070d72760f6f843e3debd5b71fa8875aef993020197058203130c5d8a8e40b,2025-10-14T12:37:59+00:00,0x54586bE62E3c3580375aE3723C145253060Ca0C2,3939.75645,111197.73139618,1.0008
2025-10-15,23583141,0x294816b8dc2c0f1905076e531fe7fa813d51c034b225276f931decbdcd144f5f,2025-10-15T12:37:59+00:00,0x54586bE62E3c3580375aE3723C145253060Ca0C2,4079.11,111962.3031572,1.00057123
2025-10-16,23590272,0x0e24007b9598b79c0c467a5073d16ba2badfc7f85a2bf2de540117bbbec7cd65,2025-10-16T12:37:59+00:00,0x54586bE62E3c3580375aE3723C145253060Ca0C2,4044.74575508,111807.1448376,1.00022723
2025-10-17,23597429,0x123ac25e767f552b9cfcf85cdd2301d451b087c480c12c9ffa45dd370a5203d5,2025-10-17T12:37:59+00:00,0x54586bE62E3c3580375aE3723C145253060Ca0C2,3801.39477886,105705.31395627,1.000066
2025-10-18,23604582,0x0c83905f413894e0369297d130484ff4596b5954725d5b8054bec04b4b2d9c2a,2025-10-18T12:37:59+00:00,0x54586bE62E3c3580375aE3723C145253060Ca0C2,3883.162,106984.95087022,1.00046161
2025-10-19,23611730,0x8a66da73cae108cb2e099d4732ac95c8b28b51242c32ef7693f0750578359b80,2025-10-19T12:37:59+00:00,0x54586bE62E3c3580375aE3723C145253060Ca0C2,3921.39832,107525.04891391,1.00019163
2025-10-20,23618860,0x2592dc927a997205a1a972698434f98b1367481734c5d06c4d829a24e5370f1e,2025-10-20T12:37:59+00:00,0x54586bE62E3c3580375aE3723C145253060Ca0C2,4036.7379,111081.87319417,1.00031343
2025-10-21,23625985,0xdd82d1f5026ecf35be4b539a87fcdbd1c8ddf4975df78a2f67afcb30c702746c,2025-10-21T12:37:59+00:00,0x54586bE62E3c3580375aE3723C145253060Ca0C2,3915.35045685,109145.79549772,1.00026683
2025-10-22,23633114,0x64d8111fc0b8a1572d9608dcddb79a8404d5190a61ed333515ab54f032fc3bec,2025-10-22T12:37:59+00:00,0x54586bE62E3c3580375aE3723C145253060Ca0C2,3844.99,108214.24109188,1.00044636
2025-10-23,23640248,0xc501e321b878654e0bf939ed02953bb9657e846e19eae01c336c68c59d88de7b,2025-10-23T12:37:59+00:00,0x54586bE62E3c3580375aE3723C145253060Ca0C2,3845.68033378,108878.68808851,1.00012278
2025-10-24,23647373,0x4abea568f91b382ac14464e4bb3cd39177ba94babdeee572bd3b34be8c1b4ea2,2025-10-24T12:37:59+00:00,0x54586bE62E3c3580375aE3723C145253060Ca0C2,3982.53115967,111924.876393,1.000221
2025-10-25,23654519,0x288198ccbc3344e652e3277122d76f7e8e764b39aca1c00449c14a4c01089bce,2025-10-25T12:37:59+00:00,0x54586bE62E3c3580375aE3723C145253060Ca0C2,3940.98204723,111622.31405465,1.00013833
2025-10-26,23661681,0xcec6c1924b5ed2d14609c54012e529d17d4af932f1248bb298a7a6eb826ad166,2025-10-26T12:37:59+00:00,0x54586bE62E3c3580375aE3723C145253060Ca0C2,4054.098617,113363.37906165,1.000174
2025-10-27,23668828,0xd9997c246f246564b6c49c3df93ad57b9a2f85333d937cf4425c3a371866ad1a,2025-10-27T12:37:59+00:00,0x54586bE62E3c3580375aE3723C145253060Ca0C2,4143.04,115372.37256217,0.9999675
2025-10-28,23675968,0x623381f40e417f6bb1b4bb8e56dfb53ebc69a0ac987c6ff6d588d77722a1b86d,2025-10-28T12:37:47+00:00,0x54586bE62E3c3580375aE3723C145253060Ca0C2,4105.67,114438.3789332,0.99994045
2025-10-29,23683099,0xc4c545a7e24f6c965eaa543d33081f15d5e12e888385ffb3b99325d3bceedcab,2025-10-29T12:37:59+00:00,0x54586bE62E3c3580375aE3723C145253060Ca0C2,4014.74503464,113128.40596302,1.00019985
2025-10-30,23690250,0xf68864f9c59f5ae752f65d4c7dfd1a137893096817ac25271c639c08b5405ca3,2025-10-30T12:37:59+00:00,0x54586bE62E3c3580375aE3723C145253060Ca0C2,3862.81,108822.26913161,1.00006047
2025-10-31,23697384,0xe59eb7131543a6df7619faec78914564936ea2eae9bed37226adedda0772acb5,2025-10-31T12:37:59+00:00,0x54586bE62E3c3580375aE3723C145253060Ca0C2,3879.37077805,110279.236821,0.99974111
2025-11-01,23704537,0xade6753c2882f4e14e14925e67820ca70aeaf274ded0e0d0471c248a586885c4,2025-11-01T12:37:59+00:00,0x54586bE62E3c3580375aE3723C145253060Ca0C2,3875.55999998,110029.70516149,0.999498
2025-11-02,23711690,0xd8bddc12559df3556c02301c81c77365436d4a63569cd4a95f2f0d1e32aa66b9,2025-11-02T12:37:59+00:00,0x54586bE62E3c3580375aE3723C145253060Ca0C2,3880.736386,110872.84988504,0.99973244
2025-11-03,23718847,0xfe8c0d3b18ddf5c62d98468e1e75c0f479e873b2923f84cd59d7f855841a4fda,2025-11-03T12:37:59+00:00,0x54586bE62E3c3580375aE3723C145253060Ca0C2,3726.1805,108023.49610087,0.9998
2025-11-04,23726008,0x83495d3350b2f29a904d364cf4511bd6aaeac7a566f7244958715888e94978fc,2025-11-04T12:37:59+00:00,0x54586bE62E3c3580375aE3723C145253060Ca0C2,3510.48695523,104182.3377616,0.99960255
2025-11-05,23733147,0xc27d98c0a248700cc569c60bb6911f3440dc2ac52dfcc12f05e1fbb43029904d,2025-11-05T12:37:59+00:00,0x54586bE62E3c3580375aE3723C145253060Ca0C2,3345.5996,102427.4562654,0.9998579
2025-11-06,23740289,0x82537579749e9983a070a926376fc94cf980b192c684237bcaefc4c82d70043c,2025-11-06T12:37:59+00:00,0x54586bE62E3c3580375aE3723C145253060Ca0C2,3381.825459,103073.85146044,0.99978
2025-11-07,23747438,0x3ec9ce601c491ae88894e9f3cec0c53f7603824b551c5473f7b7465ec6e1b16a,2025-11-07T12:37:59+00:00,0x54586bE62E3c3580375aE3723C145253060Ca0C2,3202.72,99573.889452,0.9995
2025-11-08,23754588,0xf213f56f8e9ee7d60e27ee8978e923f579853b301222d833b98613f5f1291773,2025-11-08T12:37:59+00:00,0x54586bE62E3c3580375aE3723C145253060Ca0C2,3410.82,101841.87922854,0.99948
2025-11-09,23761749,0xce8c90623de183b7c7ce96a1440681c1a00fa3e78d6e222b2f63d4db767d3ba6,2025-11-09T12:37:59+00:00,0x54586bE62E3c3580375aE3723C145253060Ca0C2,3454.218,101997.143804,0.99981383
2025-11-10,23768911,0x2fb05bf50e9431ea0e0adc854f225af551f563166c26d1e85997ba666ae9b838,2025-11-10T12:37:59+00:00,0x54586bE62E3c3580375aE3723C145253060Ca0C2,3591.70385,106001.10599848,0.99982575
2025-11-11,23776040,0x3b5ae9ac512b58905bacdc0485fcd7e5a66e7f25bcbff5cabd00f51e5a77d41a,2025-11-11T12:37:59+00:00,0x54586bE62E3c3580375aE3723C145253060Ca0C2,3571.36222152,104740.81818132,0.99981
2025-11-12,23783194,0xcb80cca167e494b118ada330af518f3c435f2a6b6e2f3bb93367c9e7da2d1496,2025-11-12T12:37:59+00:00,0x54586bE62E3c3580375aE3723C145253060Ca0C2,3562.001822,104989.25565664,0.99990512
2025-11-13,23790334,0x1c9e81caf97ca0d1894ffcaf1efc7f89868cc6c338662744ff378fd744dc1629,2025-11-13T12:37:59+00:00,0x54586bE62E3c3580375aE3723C145253060Ca0C2,3492.12652647,102726.08391785,0.99979558
2025-11-14,23797475,0xa0e3176294f3a17ec30a0a9b74c403679cc0a9a288fe9245dea7b5b37092ae96,2025-11-14T12:37:59+00:00,0x54586bE62E3c3580375aE3723C145253060Ca0C2,3099.08,95313.74722156,0.99964
2025-11-15,23804639,0xe7ba0e61e5129a6cc1743c68d154afd979d67551fb37453d4abb9c880f273c11,2025-11-15T12:37:59+00:00,0x54586bE62E3c3580375aE3723C145253060Ca0C2,3159.36513515,95452.05828905,0.99927865
2025-11-16,23811796,0x69f5ad76b37e02e0844292747cc433b13a7422a276f9b09051ad677d194c0b5c,2025-11-16T12:37:59+00:00,0x54586bE62E3c3580375aE3723C145253060Ca0C2,3162.143244,95500.83192889,0.99929204
2025-11-17,23818941,0xdbae7623276473f3e585fdf512ae744cd90f2454d13392cfe5ec16c14422bedd,2025-11-17T12:37:59+00:00,0x54586bE62E3c3580375aE3723C145253060Ca0C2,3199.258342,95210.29020165,0.9991766
2025-11-18,23826053,0x0c70cce2c22ca3f8b4a7af250ff3eaba873f4d78901e3afb733f61005bb72372,2025-11-18T12:37:59+00:00,0x54586bE62E3c3580375aE3723C145253060Ca0C2,3056.52,90894.91868472,0.99890252
2025-11-19,23833175,0x96475ed63d3c0d2861e7bb9ec64da0909f3959f63300a35488762855eeff4704,2025-11-19T12:37:59+00:00,0x54586bE62E3c3580375aE3723C145253060Ca0C2,3093.9421,91334.38695425,0.99931
2025-11-20,23840299,0x0ddb677f9bca71c078ca3d2720e5df34080618d293c6dd1d8600c4aa9c1220e8,2025-11-20T12:37:59+00:00,0x54586bE62E3c3580375aE3723C145253060Ca0C2,3018.62,91748.67174258,0.99904708
2025-11-21,23847433,0x67a7313b2be93d16bcc8612e93f945c042936bae079a8a11f79756a73bf6b35a,2025-11-21T12:37:59+00:00,0x54586bE62E3c3580375aE3723C145253060Ca0C2,2686.87,82178.64395703,0.99864631
2025-11-22,23854536,0x8839450c34d42a5db28acaf5f4f4ac2c1ed06ff1ea47f69a7292a9e78500a086,2025-11-22T12:37:59+00:00,0x54586bE62E3c3580375aE3723C145253060Ca0C2,2720.86,83547.09676881,0.99935465
2025-11-23,23861637,0x996a83b53d308c4e8824920d1aea4da8da80952a02f3ea73cd6bfcf8986ad614,2025-11-23T12:37:59+00:00,0x54586bE62E3c3580375aE3723C145253060Ca0C2,2835.25,86661.31468079,0.99956953
2025-11-24,23868765,0x52c9ce8e362d3523946eecc54948bc36caa061c0c729d74bc17bc8e3e3294e27,2025-11-24T12:37:59+00:00,0x54586bE62E3c3580375aE3723C145253060Ca0C2,2809.54869851,85805.45514401,0.99946294
2025-11-25,23875860,0xa210ae46dbee00988feb5382929ae5ea6caae26f95ce1b2aa07285945d255c25,2025-11-25T12:37:59+00:00,0x54586bE62E3c3580375aE3723C145253060Ca0C2,2913.2014,87243.1687342,0.99972356
2025-11-26,23882965,0xee9e4b4da15f390adcdcce30874b65a3ac1f63da132aa0f9ffc4ae4af68c5ff8,2025-11-26T12:37:59+00:00,0x54586bE62E3c3580375aE3723C145253060Ca0C2,2893.04972469,86398.80284,0.99958694
2025-11-27,23890096,0xe53e8bb1929b2e5829fb9b42e31eab97e83e9208cb0015c128f77491428ebcb2,2025-11-27T12:37:59+00:00,0x54586bE62E3c3580375aE3723C145253060Ca0C2,3010.88,91206.42707528,0.9998848
2025-11-28,23897222,0xcaa15d6d1decab7a5ad297747d90987f9aaff26e656eca184bc530ba5dc743fc,2025-11-28T12:37:59+00:00,0x54586bE62E3c3580375aE3723C145253060Ca0C2,3041.63087,91338.32729082,0.99986895
2025-11-29,23904369,0xdca7a843f86d629c0747a026f970f84edd1d104150fb7b262f7c9d3b04496f4d,2025-11-29T12:37:59+00:00,0x54586bE62E3c3580375aE3723C145253060Ca0C2,2995.18562267,90460.94334948,1.00027424
2025-11-30,23911526,0x1e19eb20cb8f340d99a993183b0a7c725e0cf2e5cb03aea410991d55ddf036d8,2025-11-30T12:37:59+00:00,0x54586bE62E3c3580375aE3723C145253060Ca0C2,3007.22014469,90927.204042,1.00012391
2025-12-01,23918677,0xf26a38320ca98bba12dc3abbb082f84a35c3abc51f9bee6f9aaf7739c9c9e20e,2025-12-01T12:37:59+00:00,0x54586bE62E3c3580375aE3723C145253060Ca0C2,2823.18,85568.81137918,0.9999255
2025-12-02,23925827,0xe07efaeabd4e1321d8d1dc7005bc53f83d3b89118ff09e5e3fc655170a2875fa,2025-12-02T12:37:59+00:00,0x54586bE62E3c3580375aE3723C145253060Ca0C2,2825.39485014,87376.68732761,0.99989465
2025-12-03,23932967,0xa361020532107b78ff5bcdb224d3fbb33cf5a39f5b0b460628e5931bb94dfb36,2025-12-03T12:37:59+00:00,0x54586bE62E3c3580375aE3723C145253060Ca0C2,3072.17,92711.37797982,1.0002
2025-12-04,23939738,0x6f86b041d538d320f3ec545d470c4f2dfb576bf38712841558c50a22dae42b7b,2025-12-04T12:37:59+00:00,0x54586bE62E3c3580375aE3723C145253060Ca0C2,3189.82798195,92772.210438,1.00011477
2025-12-05,23946795,0x1007516d7d980e7ef691d6fd0d6c92b250c249e3c7a80fbb155a910b28003eb9,2025-12-05T12:37:59+00:00,0x54586bE62E3c3580375aE3723C145253060Ca0C2,3131.5,91069.3133808,1.00024744
2025-12-06,23953886,0xc0059634bb9f096d9cb9baad9c2979bb6e0a0c90475b4f5fc1a764f8700ae6bc,2025-12-06T12:37:59+00:00,0x54586bE62E3c3580375aE3723C145253060Ca0C2,3036.760778,89492.64190681,1.00021
2025-12-07,23961005,0x6d65dc013cdd0281d40091ef8744b748c0a64f34e15437203bffbe3e3901ad2c,2025-12-07T12:37:59+00:00,0x54586bE62E3c3580375aE3723C145253060Ca0C2,3043.1039,89135.88703217,1.00023583
2025-12-08,23968132,0x0727c94ac243155e7dc007c7650874ce774f6925bd9c1c30d9298bc9ee063455,2025-12-08T12:37:59+00:00,0x54586bE62E3c3580375aE3723C145253060Ca0C2,3144.63,91864.64974602,1.00011
2025-12-09,23975268,0xb7d2f4531e45475a9587fec159281668f821042120793a6878b92323a878b124,2025-12-09T12:37:59+00:00,0x54586bE62E3c3580375aE3723C145253060Ca0C2,3136.16,90236.35944936,1.0001
2025-12-10,23982356,0xf11e22c9dc6cec69631c9a2116770a05091d8f3ed4780e2222740a40557f01aa,2025-12-10T12:37:59+00:00,0x54586bE62E3c3580375aE3723C145253060Ca0C2,3307.83369654,91705.45841433,1.00005904
2025-12-11,23989483,0x38b18f435e488a34bebb46708c224d28217c4421a11390f624de139cc9572be6,2025-12-11T12:37:59+00:00,0x54586bE62E3c3580375aE3723C145253060Ca0C2,3196.692557,90205.08937099,1.0002
2025-12-12,23996592,0x2d7ef82867374d76900de91a751b74bb7782396dc33478ed33cb08f6f52d4ef1,2025-12-12T12:37:59+00:00,0x54586bE62E3c3580375aE3723C145253060Ca0C2,3238.41634128,92181.57105376,1.00008
2025-12-13,24003732,0x579a837d6e0eb026c71dfcfede5e5f4293f8c6bdc984cc6033718391199f78ed,2025-12-13T12:37:59+00:00,0x54586bE62E3c3580375aE3723C145253060Ca0C2,3121.46956056,90284.714464,1.00009022
2025-12-14,24010891,0xeb0eef1922259cc1e0ca923284a68d620aa8ae17ad821db9e08f710b5eda301b,2025-12-14T12:37:59+00:00,0x54586bE62E3c3580375aE3723C145253060Ca0C2,3102.13,89020.06056231,1.00011696
2025-12-15,24018050,0xc40d6956a67fe3f241dd85f61c509ce9668ef1ae0b14128102b04ed8c5c4b10b,2025-12-15T12:37:59+00:00,0x54586bE62E3c3580375aE3723C145253060Ca0C2,3150.95,89544.65878094,1.0000195
2025-12-16,24025216,0x648a962013c104cbb598a1c0f09d1dfd4da01c7b22e4fc2f7b027361e5853eee,2025-12-16T12:37:59+00:00,0x54586bE62E3c3580375aE3723C145253060Ca0C2,2951.7246,86918.7477747,0.99976987
2025-12-17,24032384,0x45a4a518a0fe291f6da2755b07e044f0fac5e499994a8534a2622f7d3eb54d74,2025-12-17T12:37:59+00:00,0x54586bE62E3c3580375aE3723C145253060Ca0C2,2933.28684287,86979.08086146,0.99968395
2025-12-18,24039536,0x530bcb0f3aa4c4bd6b64af7798726305439061eacf44afbf04f18a162774f9e5,2025-12-18T12:37:59+00:00,0x54586bE62E3c3580375aE3723C145253060Ca0C2,2867.09,87085.06800541,0.99952841
2025-12-19,24046688,0xfb375a4328b1bba32a988b21264c13802fa24ff6ca8ab93eec45a9937d388828,2025-12-19T12:37:59+00:00,0x54586bE62E3c3580375aE3723C145253060Ca0C2,2964.45046157,87783.14618557,0.99938586
2025-12-20,24053861,0x6a28d997899243e1c8ad9ce534ca8521565ef70215927414d653dc3434c9d0d4,2025-12-20T12:37:59+00:00,0x54586bE62E3c3580375aE3723C145253060Ca0C2,2987.92,87995.40941743,0.99957602
2025-12-21,24061028,0x61c342e93de1bddb03d9c2de74e247830c230921836ded7533b300e626f1c1c5,2025-12-21T12:37:59+00:00,0x54586bE62E3c3580375aE3723C145253060Ca0C2,2997.31585103,88558.37331293,0.99962
2025-12-22,24068199,0xe3fbd6f18133662e7b55c93b3771bf94802a233795ec6226e711c2c9f507f4e9,2025-12-22T12:37:59+00:00,0x54586bE62E3c3580375aE3723C145253060Ca0C2,3055.195682,90013.2528655,0.99956374
2025-12-23,24075360,0x1b58e1e56eee12b28ba87fd1a39bfb7e0d1abd484d92ba74c8d6541675e9679c,2025-12-23T12:37:59+00:00,0x54586bE62E3c3580375aE3723C145253060Ca0C2,2957.47,87546.61851856,0.99931135
2025-12-24,24082526,0x2905d3bf6bb4c37f9de6fdc509f18adb5694668f944ee9f7377e130865ff06bb,2025-12-24T12:37:59+00:00,0x54586bE62E3c3580375aE3723C145253060Ca0C2,2931.92,87046.19791905,0.999275
2025-12-25,24089685,0xbd63738286a7ab432a8723982e1f70f6c358122953335252eb0576b141338f85,2025-12-25T12:37:47+00:00,0x54586bE62E3c3580375aE3723C145253060Ca0C2,2924.98,87305.314131,0.99928383
2025-12-26,24096852,0x29f76ca812e43c62258d1bb9165ef309458dd8ccb621c42eed809ec497920bd4,2025-12-26T12:37:59+00:00,0x54586bE62E3c3580375aE3723C145253060Ca0C2,2962.77773467,88376.87978602,0.99935148
2025-12-27,24104014,0x739e35affc5afc90f6843ca6b5b411ff094264be5e613a494f8837c525f6d064,2025-12-27T12:37:59+00:00,0x54586bE62E3c3580375aE3723C145253060Ca0C2,2930.9528,87303.954816,0.99942145
2025-12-28,24111178,0xf43d05f7737d3a5e68ded2c521c39e2b143f09fe748db3f01df1eb234f4e3e49,2025-12-28T12:37:59+00:00,0x54586bE62E3c3580375aE3723C145253060Ca0C2,2941.94135212,87662.150569,0.99922021
2025-12-29,24118352,0x1be37952fded32b6655fc8d7d7f33a6475a7c522f19622fcf4cfeac141c38f62,2025-12-29T12:37:59+00:00,0x54586bE62E3c3580375aE3723C145253060Ca0C2,2925.87527943,86914.73340593,0.99876057
2025-12-30,24125496,0x7477ad495ab619f0dcc562c137ee673d8affe83e99118b79d9302dd02bfa5404,2025-12-30T12:37:59+00:00,0x54586bE62E3c3580375aE3723C145253060Ca0C2,2979.0742,87775.5377604,0.99876487
2025-12-31,24132656,0x2528cf65f2aeff95b1b460bb92e0496b5a6f7c16e17c006f5fe73a26a40023db,2025-12-31T12:37:59+00:00,0x54586bE62E3c3580375aE3723C145253060Ca0C2,2998.2733,88655.34433696,0.99879
2026-01-01,24139830,0x5a3098687a0d4f1e42d8501e7acdbbdadebde375968887c960f1dacef77c09e4,2026-01-01T12:37:59+00:00,0x54586bE62E3c3580375aE3723C145253060Ca0C2,2984.8623,87591.43321303,0.998577
2026-01-02,24146998,0xaf3596de7840182058ee5c3a9a036279255b52391fd73160070fe3531bd4b3fa,2026-01-02T12:37:59+00:00,0x54586bE62E3c3580375aE3723C145253060Ca0C2,3041.0698,89110.54457583,0.99879296
2026-01-03,24154167,0x2bf878ebfb94eef06e13adaff54ea1b618a6a207ad4f68804a60335ad351d417,2026-01-03T12:37:59+00:00,0x54586bE62E3c3580375aE3723C145253060Ca0C2,3097.09208431,89578.4787452,0.99961
2026-01-04,24161346,0x4b08eabbf1111ea6721160e7994271a152a351203913cae74162e44e17a4793c,2026-01-04T12:37:59+00:00,0x54586bE62E3c3580375aE3723C145253060Ca0C2,3135.389,91099.2636925,0.9995
2026-01-05,24168509,0x1a3cf2932af66e65da07ccef022710a34bb714319dc5922475062b6bae913c0e,2026-01-05T12:37:59+00:00,0x54586bE62E3c3580375aE3723C145253060Ca0C2,3178.6005,92756.54414638,0.9994764
2026-01-06,24175681,0xbc1d750d9f03793dcdea9cdd95551607855610dad44f388b1cf920986615c8f8,2026-01-06T12:37:59+00:00,0x54586bE62E3c3580375aE3723C145253060Ca0C2,3240.14853211,93696.5449,0.99969961
2026-01-07,24182849,0xc15e65b65d4734aa1cc610113ae3d5ed75488d21499bb6c5657c251407b87b52,2026-01-07T12:37:59+00:00,0x54586bE62E3c3580375aE3723C145253060Ca0C2,3222.92,91807.7530797,0.99919228
2026-01-08,24190002,0x0857080ffcea21010a2dc0d42832dbfe23a84b7809edb03ba3bf40e1ec1b5c35,2026-01-08T12:37:59+00:00,0x54586bE62E3c3580375aE3723C145253060Ca0C2,3101.351,89959.22452,0.99873488
2026-01-09,24197173,0x67ac511b82d7bc75252ed6fa40995ecfdb9110918ae60554d53576e697077065,2026-01-09T12:37:59+00:00,0x54586bE62E3c3580375aE3723C145253060Ca0C2,3081.159746,90189.673416,0.99875081
2026-01-10,24204346,0xf3ea7c36817dbf42e0d3c661625a59cd155c74325487e5a4cbeb93b43eb60aa5,2026-01-10T12:37:59+00:00,0x54586bE62E3c3580375aE3723C145253060Ca0C2,3090.99,90419.15463373,0.99862394
2026-01-11,24211515,0xa779a006c1c6a9b215b7a8e7e9ab3d35e80dee475285dd85cd9762ac8d569e8a,2026-01-11T12:37:59+00:00,0x54586bE62E3c3580375aE3723C145253060Ca0C2,3103.24,90536.29165765,0.99865675
2026-01-12,24218681,0x43e301fda59434d1b634ae31bf86c726e697f749789178a215b3fdab32096e01,2026-01-12T12:37:59+00:00,0x54586bE62E3c3580375aE3723C145253060Ca0C2,3117.1,90516.39046511,0.99867696
2026-01-13,24225843,0x863f6c72ce70a45f395aae87587a56bed463e92e98b1bc00b2c9ca34313598b0,2026-01-13T12:37:59+00:00,0x54586bE62E3c3580375aE3723C145253060Ca0C2,3128.9249,91799.09172134,0.99895
2026-01-14,24232987,0x443dc0cc4fa4804bab642b3d48ad507faeac1a5d173fae9cc51be55d38a0d151,2026-01-14T12:37:59+00:00,0x54586bE62E3c3580375aE3723C145253060Ca0C2,3291.937072,94807.81382352,0.99967428
2026-01-15,24240159,0xda837288273f1962704f86afbf7eb8c043b05dba4ca80fa92630df7e805007a8,2026-01-15T12:37:59+00:00,0x54586bE62E3c3580375aE3723C145253060Ca0C2,3347.98626,96364.54429704,0.99974
2026-01-16,24247337,0x4592d93e65e5f29cb739261365a1c35d709382c21fe75e028e508efa8adfd222,2026-01-16T12:37:59+00:00,0x54586bE62E3c3580375aE3723C145253060Ca0C2,3298.276,95187.09456077,0.99958658
2026-01-17,24254511,0xda398d38c12591a5e875c2e580e472b465cfae4eb39cf4b7d4c69323a3f58b14,2026-01-17T12:37:59+00:00,0x54586bE62E3c3580375aE3723C145253060Ca0C2,3300.654062,95045.67043871,0.99960146
2026-01-18,24261688,0x45953e42189b18f8d48358ca352cc6a5bd3f2fdd0d769c429c8c3f41b4123896,2026-01-18T12:37:59+00:00,0x54586bE62E3c3580375aE3723C145253060Ca0C2,3322.76400723,94889.30896994,0.99954469
2026-01-19,24268868,0x5fb69032223215adac83a059d22d1c5752026fa906eeb578be5d89892f40f4d8,2026-01-19T12:37:59+00:00,0x54586bE62E3c3580375aE3723C145253060Ca0C2,3223.27370489,92849.24330798,0.99938
2026-01-20,24276036,0x2a82fd210e652749ba10ebba0d8bab03fc41f9b26587ccb3977911b053f0bf53,2026-01-20T12:37:59+00:00,0x54586bE62E3c3580375aE3723C145253060Ca0C2,3110.57702958,90829.80701112,0.99887904
2026-01-21,24283212,0x6e0e8113e3012a97fae3045f6c80c8db1b6e1ed18e5b02938c0cc0c22669b4a5,2026-01-21T12:37:59+00:00,0x54586bE62E3c3580375aE3723C145253060Ca0C2,2907.46703657,87963.86020432,0.99891829
2026-01-22,24290370,0xab70246fb8f5c917755d3485c7709ea564541fd5673bb4f598d1d71901ea83c7,2026-01-22T12:37:59+00:00,0x54586bE62E3c3580375aE3723C145253060Ca0C2,2991.91413172,89649.33964925,0.99915148
2026-01-23,24297534,0x2bf2505cfd21d25985fae3c9b6d2527d9a00f311c957de5ddddba58e8833245e,2026-01-23T12:37:59+00:00,0x54586bE62E3c3580375aE3723C145253060Ca0C2,2934.2253,88839.415602,0.99867
2026-01-24,24304704,0x892d287144364ac30fbb3c9aabcbcfd235895518e59a1d6d40c338273be1975a,2026-01-24T12:37:59+00:00,0x54586bE62E3c3580375aE3723C145253060Ca0C2,2956.22398564,89279.45580177,0.99842815
2026-01-25,24311874,0xcf7fb3fdd6161e8971fa7a494052b03e777f15761122471a2ad7134be7237804,2026-01-25T12:37:59+00:00,0x54586bE62E3c3580375aE3723C145253060Ca0C2,2933.58604234,88315.69616907,0.99841202
2026-01-26,24319052,0xd10d5a35ec8f6e0851aebd1eb878a981a4182a7f5ce97ab1ac9a7066b53eb20e,2026-01-26T12:37:59+00:00,0x54586bE62E3c3580375aE3723C145253060Ca0C2,2904.117785,87474.85057077,0.99888143
2026-01-27,24326217,0xa1612deafc240bea87b8913b9a4571874dd962b978d2c9a034c4fa2c5512483d,2026-01-27T12:37:59+00:00,0x54586bE62E3c3580375aE3723C145253060Ca0C2,2922.75072677,87678.99838235,0.99865196
2026-01-28,24333385,0x74112745601286a6d810441893b940c9ab5d8361488ff932c621120ea8abaca6,2026-01-28T12:37:59+00:00,0x54586bE62E3c3580375aE3723C145253060Ca0C2,3030.86,89606.60957157,0.99863558
2026-01-29,24340556,0x617c563c7a57ee5fe5656b4ea8674091639ed532557dd71e4040bfda69c0148f,2026-01-29T12:37:59+00:00,0x54586bE62E3c3580375aE3723C145253060Ca0C2,2926.68302039,87499.60374397,0.99839782
2026-01-30,24347732,0xe5dbc62bb05e44ac40b1fce996b53b2bdef474360b5df4e7c10b9f214ea1ffbd,2026-01-30T12:37:59+00:00,0x54586bE62E3c3580375aE3723C145253060Ca0C2,2738.64757,82437.78702018,0.99823309
2026-01-31,24354904,0xc6c7b7c7d7f13c4eb493a8a3a2d8cd05ad251fc26079130fa3fb6099063a4e89,2026-01-31T12:37:59+00:00,0x54586bE62E3c3580375aE3723C145253060Ca0C2,2637.325,82714.0866276,0.998388
2026-02-01,24362063,0xe0293f7e7631bfbf7ee3ff379915e1f49ddcd3ab109e29f1e2aa5ff2b5105b79,2026-02-01T12:37:59+00:00,0x54586bE62E3c3580375aE3723C145253060Ca0C2,2395.1423119,78093.2810812,0.99910609
2026-02-02,24369221,0x0b39e13c1184555915dd08307e252438b6a2b7be3f22940311301ec8f5b67ce6,2026-02-02T12:37:59+00:00,0x54586bE62E3c3580375aE3723C145253060Ca0C2,2300.93933943,77623.77362164,0.99901326
2026-02-03,24376376,0x33df4a583b0d5b0310b06ba825ab9416d60b82a9a3866c175618609fb0238c5c,2026-02-03T12:37:59+00:00,0x54586bE62E3c3580375aE3723C145253060Ca0C2,2291.77653547,77935.30661266,0.99908077
2026-02-04,24383537,0x2c90f1d7a566030ef145fbf7902e2550c690c0ca34c06ee3513da9f05cdb459d,2026-02-04T12:37:59+00:00,0x54586bE62E3c3580375aE3723C145253060Ca0C2,2235.157473,75873.99679877,0.99852825
2026-02-05,24390678,0xca567767cfebfe05dc4bba3f925df38d95eb071d20370be9b912973a2a706949,2026-02-05T12:37:59+00:00,0x54586bE62E3c3580375aE3723C145253060Ca0C2,2060.12,69125.06234288,0.99816
2026-02-06,24397833,0x235aa0337800f1469aac4b32d0c0922a24c6cff348d8487153dad9dd0a5dbb62,2026-02-06T12:37:59+00:00,0x54586bE62E3c3580375aE3723C145253060Ca0C2,1921.16158621,66080.7755942,0.99791
2026-02-07,24404992,0x6415f0cfa1fdd87df4f501bf0a6f4a93e410121d274d333c24a081d78f56481a,2026-02-07T12:37:59+00:00,0x54586bE62E3c3580375aE3723C145253060Ca0C2,2064.9,69540.70038399,0.99933761
2026-02-08,24412113,0x5ae4010f9262ca87e1ae4119429c551f0dc48929f7fa53e19d8baf0809c48f9e,2026-02-08T12:37:59+00:00,0x54586bE62E3c3580375aE3723C145253060Ca0C2,2134.170541,70659.57924789,0.9993084
2026-02-09,24419255,0x8268c5eb3cad8ded6f1d15d8e1bc33d5984a282463fe5fa6cacad04c04bf9e47,2026-02-09T12:37:59+00:00,0x54586bE62E3c3580375aE3723C145253060Ca0C2,2027.06920154,68771.65995,0.99937
2026-02-10,24426422,0x8d9c02834e2572c57791cc74194b4290df435b6467f41e2af2638d23a978dbb7,2026-02-10T12:37:59+00:00,0x54586bE62E3c3580375aE3723C145253060Ca0C2,2008.324521,68414.10437501,0.99945016
2026-02-11,24433578,0x3c72438ec08d738761807ea02e7a6db3d462a5c6592a0b19af3a2a23039af5b5,2026-02-11T12:37:59+00:00,0x54586bE62E3c3580375aE3723C145253060Ca0C2,1962.51,67111.86371227,0.99957954
2026-02-12,24440745,0x6611773ab72224e935b6ccedfbba0d819c7b90b89cdea180515b0f05eea4cba1,2026-02-12T12:37:59+00:00,0x54586bE62E3c3580375aE3723C145253060Ca0C2,1983.24303647,67714.56610127,0.99931727
2026-02-13,24447910,0xb78219927cfa5bb629a0b9c0b28af1573a9af4ee09c1cde6e6ae75de5954e9c3,2026-02-13T12:37:59+00:00,0x54586bE62E3c3580375aE3723C145253060Ca0C2,1959.97431919,66904.17670525,0.9993699
2026-02-14,24455078,0x62fb0cf608f2eae77b0f3f21fef734c1bea23d61a28c28132212fc2a17111abf,2026-02-14T12:37:59+00:00,0x54586bE62E3c3580375aE3723C145253060Ca0C2,2084.96788314,70255.65964223,0.99934984
2026-02-15,24462252,0x3626955a96dc6ab1c4b9d6693ac2e1662ffa9ec5e5e39adb69d0b96f370b81b6,2026-02-15T12:37:59+00:00,0x54586bE62E3c3580375aE3723C145253060Ca0C2,2058.72,70195.29972011,0.99962
2026-02-16,24469429,0x4f79cfdb15fc32023b5acbcedf811d358df586ae8e161bb8557e759a89d0e059,2026-02-16T12:37:59+00:00,0x54586bE62E3c3580375aE3723C145253060Ca0C2,1991.33767279,69342.91893817,0.99939646
2026-02-17,24476601,0xeef83bed35cbd32dff65d3ba238346aaf0a6c9719f156b03d632c47f39c1f0de,2026-02-17T12:37:59+00:00,0x54586bE62E3c3580375aE3723C145253060Ca0C2,1967.05386144,67972.84547873,0.99952
2026-02-18,24483768,0x1a750c0c0199d57e6eb350fc3e4120c40e6aed8c952e130165d1aba28c2bd178,2026-02-18T12:37:59+00:00,0x54586bE62E3c3580375aE3723C145253060Ca0C2,1977.53242161,67440.42358974,0.99950024
2026-02-19,24490941,0xa4fe1f98db685ad21507765f317384c43aabe444d197ecf655170045b6557f26,2026-02-19T12:37:59+00:00,0x54586bE62E3c3580375aE3723C145253060Ca0C2,1954.32197045,66336.07149847,0.99953799
2026-02-20,24498111,0x3b424dbefe0457d786d59215e8708fc44286374900a2d1c37e1ddf24401c18bf,2026-02-20T12:37:59+00:00,0x54586bE62E3c3580375aE3723C145253060Ca0C2,1947.593194,67194.86801225,0.99965087
2026-02-21,24505287,0x23bb096df32958168fedb8cb8d370d61cc850e9ba45aa758f1513e209cb3add6,2026-02-21T12:37:59+00:00,0x54586bE62E3c3580375aE3723C145253060Ca0C2,1974.207995,67804.20444844,0.99973903
2026-02-22,24512458,0x98f6beb1901cd0959db88aeaa03855c3073b68e2beffe830de95b27d8a6f5d20,2026-02-22T12:37:59+00:00,0x54586bE62E3c3580375aE3723C145253060Ca0C2,1980.13537508,67951.47356778,0.99980003
2026-02-23,24519637,0x04975a670d98132be8074889bb9ce2b461e6cc5bbe59a69c615d01d4c1ca1107,2026-02-23T12:37:59+00:00,0x54586bE62E3c3580375aE3723C145253060Ca0C2,1912.4205644,65980.52207615,0.99972011
2026-02-24,24526808,0x47db88b018cb7240fa4f3fc7bf934bd1d126ba8e04960502eb9a3ed35d40c153,2026-02-24T12:37:59+00:00,0x54586bE62E3c3580375aE3723C145253060Ca0C2,1825.30584089,63103.59465082,0.99984232
2026-02-25,24533978,0xdbd46a9b9cba95eea8ca3ba8ee8f01158d7aa0b8d48dee2c3080266922f29f02,2026-02-25T12:37:59+00:00,0x54586bE62E3c3580375aE3723C145253060Ca0C2,1936.42380024,65571.09047559,1.00002139
2026-02-26,24541141,0x4226842018ff3362d31dd2b9ad0bbe274af5d75956e7f42e1930191f8d2a57a5,2026-02-26T12:37:59+00:00,0x54586bE62E3c3580375aE3723C145253060Ca0C2,2064.71558435,67810.31647,1.00020004
2026-02-27,24548312,0x729e5639aeb848d8f61212c2236a800db10cf41b89aa371befae6a3410f6f37e,2026-02-27T12:37:59+00:00,0x54586bE62E3c3580375aE3723C145253060Ca0C2,1964.218515,65749.45078798,1
2026-02-28,24555481,0xac529491b8aeaf063ada2a9c597d623afd95f2ae40d303453477af47c5c922ff,2026-02-28T12:37:59+00:00,0x54586bE62E3c3580375aE3723C145253060Ca0C2,1874.337,63706.50998111,1.00002011
2026-03-01,24562641,0x573391c6e9e58a95d1aaab01ad8451f8610d693189f4987ee0aaeb90f4f8ca38,2026-03-01T12:37:59+00:00,0x54586bE62E3c3580375aE3723C145253060Ca0C2,1977.81402645,66134.001142,1.00010045
2026-03-02,24569808,0x91407bf5cfabc6aefa8fd737d3d7bd2cce8f02beaf3d9c095b488df72b94dc1a,2026-03-02T12:37:59+00:00,0x54586bE62E3c3580375aE3723C145253060Ca0C2,1937.1603,66154.40181057,1.00001298
2026-03-03,24576979,0x6b352ba3db28d468eabcd4040133095e418c7c9f3147bcdef2b94a2073069bf4,2026-03-03T12:37:59+00:00,0x54586bE62E3c3580375aE3723C145253060Ca0C2,1967.861403,67349.47244332,1.00017596
2026-03-04,24584143,0x9ec4b38c2a5ab3e494f2fe8b63ab5bc5d87b560bdf9f504706edaa7bf63e8068,2026-03-04T12:37:59+00:00,0x54586bE62E3c3580375aE3723C145253060Ca0C2,2037.527794,70447.7564293,1.00010001
2026-03-05,24591317,0xc92c74fde57b3b47136e3e2b493f5497a5a76b846dcc168a8137edea962c1a5d,2026-03-05T12:37:59+00:00,0x54586bE62E3c3580375aE3723C145253060Ca0C2,2134.8088,72467.9065085,1.00040036
2026-03-06,24598463,0x083ce880526376b90bb0f4312a5f9fdebcc3319ab1fb543d89346bbb7dd08a99,2026-03-06T12:37:59+00:00,0x54586bE62E3c3580375aE3723C145253060Ca0C2,2041.5078,69831.53770178,1.0000529
2026-03-07,24605622,0x6737ba733b94c1e5330f4a7b097e56188f69e74ca6bb75b9dca56d3d30cba1cc,2026-03-07T12:37:59+00:00,0x54586bE62E3c3580375aE3723C145253060Ca0C2,1988.09483597,67860.36464072,1
2026-03-08,24612793,0x8f6227f00bc072c86e65c6c906372fa8a0a4356b51125b7e5f86686c8f52f7ab,2026-03-08T12:37:59+00:00,0x54586bE62E3c3580375aE3723C145253060Ca0C2,1949.4114217,67251.55944,1.00006
2026-03-09,24619965,0x46e20c6e84541fec06cabfb527348dc596b8ca688199ea14658543ac48b45cef,2026-03-09T12:37:59+00:00,0x54586bE62E3c3580375aE3723C145253060Ca0C2,1998.08521036,67642.1874208,1
2026-03-10,24627116,0x15738de06a36a27a67feaddf06a74d7c3b42475fe9c478bf4a0730fa65415068,2026-03-10T12:37:59+00:00,0x54586bE62E3c3580375aE3723C145253060Ca0C2,2056.367868,70248.94392031,1.00016628
2026-03-11,24634276,0x930772a792f3003075044b95c14fc6e4fd523f966e42918e06859e50d21e0309,2026-03-11T12:37:59+00:00,0x54586bE62E3c3580375aE3723C145253060Ca0C2,2025,69136.41452813,1.00017029
2026-03-12,24641434,0x59e777353c77fccfd0049ef2e50ed747388722ad908b0223edf5066e46d986bf,2026-03-12T12:37:59+00:00,0x54586bE62E3c3580375aE3723C145253060Ca0C2,2061.84054404,70453.77159429,1.00019
2026-03-13,24648593,0x33aab91a0dd5126404cba553aeb1dfeba3571f9d64ebf3a48a2b0dcd1b540aa9,2026-03-13T12:37:59+00:00,0x54586bE62E3c3580375aE3723C145253060Ca0C2,2128.533404,72204.9295838,1.00010001
2026-03-14,24655770,0x2bcb3cccd38994440d5761bdb3fa6388af35452d26306a9d86b2a118d4b03203,2026-03-14T12:37:59+00:00,0x54586bE62E3c3580375aE3723C145253060Ca0C2,2076.2,70535.0277053,1.00008171
2026-03-15,24662938,0xbffe259d43f6a690e9019aef39882392421ac6b6a74be60abb07de015553c9b9,2026-03-15T12:37:59+00:00,0x54586bE62E3c3580375aE3723C145253060Ca0C2,2116.82195269,71588.83671276,1.0001083
2026-03-16,24670108,0x7628eab71bd90ea9209b0b3cca9de1382b33da4faeda06be7c510f594bd6be32,2026-03-16T12:37:59+00:00,0x54586bE62E3c3580375aE3723C145253060Ca0C2,2286.56,73841.33350884,1.0001
2026-03-17,24677267,0x2a6627542d4f98277e29e61d38ffd5b4f372993c5bf32b694d8df68d84f1dcf5,2026-03-17T12:37:59+00:00,0x54586bE62E3c3580375aE3723C145253060Ca0C2,2315.88248309,73905.98730656,1.00008
2026-03-18,24684417,0xf64b9c1ca0d2a221164c5236112d22510784705a2ced2b9fe44be229942ab5cc,2026-03-18T12:37:59+00:00,0x54586bE62E3c3580375aE3723C145253060Ca0C2,2249.12,72536.39996683,1.00023032
2026-03-19,24691583,0xf39409c01179821ae774d82287af7e767903a25e9251f543668b83d704e0ebed,2026-03-19T12:37:59+00:00,0x54586bE62E3c3580375aE3723C145253060Ca0C2,2157.95922941,69580.53132311,1.00009
2026-03-20,24698760,0x624f87c8954dd37e9dcb7583c35933035d4cfbc657f125f1f988e6aa1e524b37,2026-03-20T12:37:59+00:00,0x54586bE62E3c3580375aE3723C145253060Ca0C2,2139.72642433,70314.14481288,0.99995746
2026-03-21,24705929,0xa1e027c51cb3932ab160fe474566310b5f127868163145d98c0f2ee76eb4ee76,2026-03-21T12:37:59+00:00,0x54586bE62E3c3580375aE3723C145253060Ca0C2,2158.6940793,70519.6735019,0.999755
2026-03-22,24713100,0x11df3c4fa4520f6d4b7602f350cf98d5b357462d34867419b35f7deab0862461,2026-03-22T12:37:59+00:00,0x54586bE62E3c3580375aE3723C145253060Ca0C2,2080.97208593,68539.77399298,0.99982689
2026-03-23,24720267,0xcfb94fb02f9af537d869621852ca4fba587d591ab6f6b965968b6a0828c8f334,2026-03-23T12:37:59+00:00,0x54586bE62E3c3580375aE3723C145253060Ca0C2,2122.32180224,70204.40812387,0.9999273
2026-03-24,24727441,0x8f7a5bc320653806f6ac619794e1093a6bc71b3d7f0d33b0574d5a0e98bfef8d,2026-03-24T12:37:59+00:00,0x54586bE62E3c3580375aE3723C145253060Ca0C2,2158.63845,70879.956,0.99977863
2026-03-25,24734618,0xbda73d5edd6d1fd426633b0407cd58cdaef0afff04740c7341babc54ebaa9083,2026-03-25T12:37:59+00:00,0x54586bE62E3c3580375aE3723C145253060Ca0C2,2168.84681843,71218.96111382,0.99954644
2026-03-26,24741781,0x7a1c3a0c57f62ae1d5b1f1d9b62736ab484a5623ce0b9199465a180624ba6ab0,2026-03-26T12:37:59+00:00,0x54586bE62E3c3580375aE3723C145253060Ca0C2,2071.22,69209.27365422,0.99967148
2026-03-27,24748947,0xd3843df12391e114163374fc317222a54d050a9246e1a9418b1b20b237e11c02,2026-03-27T12:37:59+00:00,0x54586bE62E3c3580375aE3723C145253060Ca0C2,1987.05978,66588.34835377,0.99922561
2026-03-28,24756117,0x3cc953c16e335aabf7df8e703ed5ef82fa059d081afe36a4c5212a4579ae90d5,2026-03-28T12:37:59+00:00,0x54586bE62E3c3580375aE3723C145253060Ca0C2,2000.82664488,66370.45026926,0.99928174
2026-03-29,24763290,0xf1fecceee3dea3b1fcf858caa7e827f34e646db03adc1153b0a3e1d05dd57e6b,2026-03-29T12:37:59+00:00,0x54586bE62E3c3580375aE3723C145253060Ca0C2,2001.595,66665.90384527,0.99930191
2026-03-30,24770465,0x65f75150b42573e08d06ff42d2191a518b749f463a522ed4a082e1ad4af6c6a3,2026-03-30T12:37:59+00:00,0x54586bE62E3c3580375aE3723C145253060Ca0C2,2073.11008983,67675.50583413,0.99917066
2026-03-31,24777637,0x8254fbb4dbf87dbbb8f133031d2626da522ed2c2b88dfd397276e9dfb5b01f74,2026-03-31T12:37:59+00:00,0x54586bE62E3c3580375aE3723C145253060Ca0C2,2041.44078387,66421.81383368,0.99909092
2026-04-01,24784795,0x41f86c42142ce40d2810983406ccc076d11e171966f9b551d1275bf33ce8385b,2026-04-01T12:37:59+00:00,0x54586bE62E3c3580375aE3723C145253060Ca0C2,2129.29960697,68407.145135,0.99905997
2026-04-02,24791973,0x7158feeae448c98f5ed3a18a223248da01ccfa65a2f2ff8bf3f996ade2d84915,2026-04-02T12:37:59+00:00,0x54586bE62E3c3580375aE3723C145253060Ca0C2,2027.05866,65913.53914679,0.99976
2026-04-03,24799151,0x350f56015588a6c0d0931a1af5134a469539b488355d8e1cf55758a9fbb53d8b,2026-04-03T12:37:59+00:00,0x54586bE62E3c3580375aE3723C145253060Ca0C2,2060.74,66917.51356064,0.99987053
2026-04-04,24806331,0x98bd8524124bbab7b82b146856a5bfb863c4ec485df49212d71c927649569069,2026-04-04T12:37:59+00:00,0x54586bE62E3c3580375aE3723C145253060Ca0C2,2051.01516,67044.66311868,0.99991
2026-04-05,24813507,0xc7e4bc1464e56792551dbc7cbd52cf6ec4cb1e3faf2a57d83a93b05099d73649,2026-04-05T12:37:59+00:00,0x54586bE62E3c3580375aE3723C145253060Ca0C2,2027.7,66797.23769621,0.99988
2026-04-06,24820681,0xc54fd17b783b791f6cd74c98d2b22471b339e264da57022cfbc42c52249209b8,2026-04-06T12:37:59+00:00,0x54586bE62E3c3580375aE3723C145253060Ca0C2,2149.09553043,69554.65297211,0.99971
2026-04-07,24827859,0xe118c7f0704caa0b3dcf5f53c74b93e92af3f91b0869d740cd1e7d4969ad6c55,2026-04-07T12:37:59+00:00,0x54586bE62E3c3580375aE3723C145253060Ca0C2,2077.85237985,68300.29564529,1.00006413
2026-04-08,24835038,0xb9ee94806921005eb17eda72736aae32f21cc6b7e2e4eb4091c1f62b5b7318a7,2026-04-08T12:37:59+00:00,0x54586bE62E3c3580375aE3723C145253060Ca0C2,2251.65573389,71569.88366131,0.99987182
2026-04-09,24842205,0x345ac920c646c0386f325c39d640dfbb6a12715cb66f736ee9108c07cec19e68,2026-04-09T12:37:59+00:00,0x54586bE62E3c3580375aE3723C145253060Ca0C2,2181.40981,70989.35686892,0.99998997
2026-04-10,24849372,0x76f92380ca58d4a1db133af010e64328292609be5bf2175b2ff5bce7f96e137a,2026-04-10T12:37:59+00:00,0x54586bE62E3c3580375aE3723C145253060Ca0C2,2219.76,71954.5075575,1.00004
2026-04-11,24856544,0xed5560bd4a8cacc95d78c42561904c1f316ff14e86b307722c0e260b92045845,2026-04-11T12:37:59+00:00,0x54586bE62E3c3580375aE3723C145253060Ca0C2,2244.7928461,72699.65952787,1.00028493
2026-04-12,24863720,0x540998b1e67018e49712c1de1f1d14fdcc5ac5fcdaaf295ba40d5284f0611a75,2026-04-12T12:37:59+00:00,0x54586bE62E3c3580375aE3723C145253060Ca0C2,2205.60344254,71249.68786581,1.00037
2026-04-13,24870900,0x470d754bcda0d9bc51a5bffb25f21c9a305a2ff7537f230d45a1b264800a49fd,2026-04-13T12:37:59+00:00,0x54586bE62E3c3580375aE3723C145253060Ca0C2,2184.47639182,70787.134938,1.00036738
2026-04-14,24878080,0xeea9c75cab15ce499908d07ec18dfc9afcd58a99e13f1e1376b20475a195ff23,2026-04-14T12:37:59+00:00,0x54586bE62E3c3580375aE3723C145253060Ca0C2,2371.9,74228.63449329,1.0005134
2026-04-15,24885264,0x2ed228b9887dd1b88cdbc86216d495b4daadc7a240c3c536daa25de36de00888,2026-04-15T12:37:59+00:00,0x54586bE62E3c3580375aE3723C145253060Ca0C2,2335.66035025,74070.04959574,1.0004457
2026-04-16,24892435,0xaa84ba6b50fd3c55a2e12c1005b03b848e57b99654974247daa394e1ce69ac6f,2026-04-16T12:37:59+00:00,0x54586bE62E3c3580375aE3723C145253060Ca0C2,2335.7418,74555.5556565,1.00020965
2026-04-17,24899621,0x225e659d0c3e99db0997308cb1b235abec1c8549d6efa0bbd939e65e69a89326,2026-04-17T12:37:59+00:00,0x54586bE62E3c3580375aE3723C145253060Ca0C2,2363.4589296,75736.08369274,1.00018
2026-04-18,24906803,0x2fd84289b9f631e03a34e3c7fd1988cdab34d8bc70d6aef08abdf72b6c4e871f,2026-04-18T12:37:59+00:00,0x54586bE62E3c3580375aE3723C145253060Ca0C2,2359.40820634,76038.42768186,1.0004
2026-04-19,24913982,0x47b2a3b96d7ed7118caf58b982e722de50f0f9ca3cdc5298cc7db38153332bf6,2026-04-19T12:37:59+00:00,0x54586bE62E3c3580375aE3723C145253060Ca0C2,2333.43202071,75418.49588348,1.00028
2026-04-20,24921158,0x8ce3ff6dda3d0fd9a0f42c6b628ff915ca7c8155206c59c78d4d81aae4d3f240,2026-04-20T12:37:59+00:00,0x54586bE62E3c3580375aE3723C145253060Ca0C2,2321.82940351,75283.08178403,1.00039
2026-04-21,24928343,0x8316676ffde482d09d1445c8004393cb735ed653f8d98bde19c3cc8077d686f3,2026-04-21T12:37:59+00:00,0x54586bE62E3c3580375aE3723C145253060Ca0C2,2319.38947528,76139.39923867,1.00036
2026-04-22,24935517,0xe02bf9bcfaceffe39843bf092b027fdd8be9fa1e087e7390be1bbe18705197e2,2026-04-22T12:37:59+00:00,0x54586bE62E3c3580375aE3723C145253060Ca0C2,2393.82327,78082.29762548,1.00019
2026-04-23,24942693,0x256687fa33881fb5d166e0bb3176c3bfd663861ffaec8efaf14e4c00fdedec78,2026-04-23T12:37:59+00:00,0x54586bE62E3c3580375aE3723C145253060Ca0C2,2329.86,77624.01029806,1.00031614
2026-04-24,24949873,0xdeac2555344fac7270049d1d18d6001fe45dd873f642784aae32d982130c3741,2026-04-24T12:37:59+00:00,0x54586bE62E3c3580375aE3723C145253060Ca0C2,2329.76549395,78016.27188408,1.0002606
2026-04-25,24957061,0x81caf84e9cbb5256f76fb676a0ed80b5a56cc59536b7da8e031d7e97879a2f76,2026-04-25T12:37:59+00:00,0x54586bE62E3c3580375aE3723C145253060Ca0C2,2316.84427,77488.757262,1.0002298
2026-04-26,24964243,0x88ff148d75cb3e007d53b802914884eb361d46ed34f599f4718beea5f9b6a1c8,2026-04-26T12:37:59+00:00,0x54586bE62E3c3580375aE3723C145253060Ca0C2,2331.52,77813.74250641,1.00025
2026-04-27,24971428,0xf8395aaa5cd789d971eae10217c32ff817dbf8a60b1cee155f7074bca86a7c73,2026-04-27T12:37:59+00:00,0x54586bE62E3c3580375aE3723C145253060Ca0C2,2317.93865256,77624.47345582,1.0001978
2026-04-28,24978608,0xdff5b62e4339eb812009854e93ef9fd6c66837c7ec95cbbc5b01c280e04cc2c7,2026-04-28T12:37:59+00:00,0x54586bE62E3c3580375aE3723C145253060Ca0C2,2272.38801249,76050.77340075,0.99992196
2026-04-29,24985791,0xb6f1ee071049caad683fa810cf85ed8a9a75f3cd51ded2de748f8493cf00694e,2026-04-29T12:37:59+00:00,0x54586bE62E3c3580375aE3723C145253060Ca0C2,2319.97,76977.96740503,0.99984967
2026-04-30,24992971,0x67db5f00916a7a10fd9768dec3a8185ac0b302af3a6a1f161bd393ce973f8d08,2026-04-30T12:37:59+00:00,0x54586bE62E3c3580375aE3723C145253060Ca0C2,2258.685,76101.77970866,0.99961677
2026-05-01,25000142,0xdf0782a4960224cde56df4c3face58b901bc266c7c2ac3143f4475e14877fa67,2026-05-01T12:37:59+00:00,0x54586bE62E3c3580375aE3723C145253060Ca0C2,2310.37406208,77557.42982304,0.9997202
2026-05-02,25007332,0xdc521c8144f557e953b7927604f086b4fcebe8247037d10edd6668791dfc635c,2026-05-02T12:37:59+00:00,0x54586bE62E3c3580375aE3723C145253060Ca0C2,2301.60012,77898.43903723,0.9999026
2026-05-03,25014515,0xf583a247c1cb32ee32656edcc51e5d0f8665f7d93ab7db40e677057ad1b7978d,2026-05-03T12:37:59+00:00,0x54586bE62E3c3580375aE3723C145253060Ca0C2,2332.09,78566.3664572,0.99993827
2026-05-04,25021677,0xdd50211205b6c3ac67378e52140d3d3e186c24ab1c9ec9cc032506d5161eca52,2026-05-04T12:37:59+00:00,0x54586bE62E3c3580375aE3723C145253060Ca0C2,2337.64,78631.96930384,0.999873
2026-05-05,25028852,0x7490b3351298caaf65fde40689f54fd026508bb93a81cca9b3b8b0e6efa07cbf,2026-05-05T12:37:59+00:00,0x54586bE62E3c3580375aE3723C145253060Ca0C2,2384.78033091,81011.09207441,0.99988305
2026-05-06,25036036,0xc503badec50fdc38dfe1266b7ffdb0b1ee5a3d68ac39e537e748ddd47b347ff2,2026-05-06T12:37:59+00:00,0x54586bE62E3c3580375aE3723C145253060Ca0C2,2403.32038416,82110.91645377,0.99993349
2026-05-07,25043208,0x3a2c0217dc95f4e4e89e5103882c937b91dc0d131b61883cf7b6f614a0d95947,2026-05-07T12:37:59+00:00,0x54586bE62E3c3580375aE3723C145253060Ca0C2,2329.86152885,80719.8255161,0.99988156
2026-05-08,25050390,0xf535770ef42ebccdb486ac6221bc5e0d771e06eac00244a03c2e036003535846,2026-05-08T12:37:59+00:00,0x54586bE62E3c3580375aE3723C145253060Ca0C2,2292.69467522,80035.1471947,0.9999205
2026-05-09,25057572,0xdf5de39d130733851a0d56bcfda72cb3ba667fba39853596fbfa279b015e9e4b,2026-05-09T12:37:59+00:00,0x54586bE62E3c3580375aE3723C145253060Ca0C2,2313.8587,80180.34662178,0.99987647
2026-05-10,25064741,0x9c293ae68ee2a330747e8add0dbe740bfb68aad031dfa7ef1b2d55ff21ffd9f8,2026-05-10T12:37:59+00:00,0x54586bE62E3c3580375aE3723C145253060Ca0C2,2322.31737,80694.71542488,0.99994421
2026-05-11,25071912,0x7bd4d96d5d59367b10f23e3ccac856f5c12a0481ee12f98af410021604b038e0,2026-05-11T12:37:59+00:00,0x54586bE62E3c3580375aE3723C145253060Ca0C2,2338.12558023,80948.00233638,0.99996175
2026-05-12,25079084,0xc4a96f1b64b89204518560ff3ae28907ae4a89297a06024727cc358660e009b0,2026-05-12T12:37:59+00:00,0x54586bE62E3c3580375aE3723C145253060Ca0C2,2282.60645189,80485.10646575,0.99984762
2026-05-13,25086264,0x74a34248a9a6613c67777707dd85494b72aec822f37bb14068ae04677a96fb0f,2026-05-13T12:37:59+00:00,0x54586bE62E3c3580375aE3723C145253060Ca0C2,2284.65138,79879.53713667,0.99969306
2026-05-14,25093423,0xd7bace80e6e74dfb90e0fe325995e5a68a34b81563989a65cc8016d0df333934,2026-05-14T12:37:59+00:00,0x54586bE62E3c3580375aE3723C145253060Ca0C2,2256.12147712,79077.15400998,0.99961
2026-05-15,25100595,0x1fdd6d684385e52fd93170f947d6c5506e4fd9eb22225cf0751f345472f901a4,2026-05-15T12:37:59+00:00,0x54586bE62E3c3580375aE3723C145253060Ca0C2,2252.57334,80248.009425,0.99991
2026-05-16,25107778,0x1260e65764e91792ed9fb44b70a2f048aef65c0071eed4da4062ecb0119a5a7a,2026-05-16T12:37:59+00:00,0x54586bE62E3c3580375aE3723C145253060Ca0C2,2173.10826851,77734.3332812,0.99946454
2026-05-17,25114955,0xd178f365852c75a3457e1d7e5831ef4be19531b583ff55919c0e7ac62c4e4479,2026-05-17T12:37:59+00:00,0x54586bE62E3c3580375aE3723C145253060Ca0C2,2193.16919097,78178.10719778,0.99957764
2026-05-18,25122137,0xba9e42df44e492470abb99bf82209af3c6faa8fdd3642ab63bbea7dbd6ee94cc,2026-05-18T12:37:59+00:00,0x54586bE62E3c3580375aE3723C145253060Ca0C2,2141.3435962,76954.13426428,0.99949952
2026-05-19,25129316,0x8458e7a75ff2751bea402eabc866ffacbbe327aab69d41d14e149f2ebcf893b5,2026-05-19T12:37:59+00:00,0x54586bE62E3c3580375aE3723C145253060Ca0C2,2114.72,76545.44133249,0.99917426
2026-05-20,25136495,0xb779f19f5af79968673d3686415c398458d34880166050dc647b23e00a14402f,2026-05-20T12:37:59+00:00,0x54586bE62E3c3580375aE3723C145253060Ca0C2,2128.6,77153.26874934,0.99913027
2026-05-21,25143670,0x55986786e7cdd77def194049379c238f93fcea62fe4f545760594c5aa67a9ad9,2026-05-21T12:37:59+00:00,0x54586bE62E3c3580375aE3723C145253060Ca0C2,2111.14,76827.17084475,0.99898
2026-05-22,25150846,0xadeaf76d13c495ebd25eb6430898fb05346d997d61567306fa30f3b5323930fa,2026-05-22T12:37:59+00:00,0x54586bE62E3c3580375aE3723C145253060Ca0C2,2127.6616,77112.88788005,0.99904
2026-05-23,25158024,0x1f07a7b39f75227b3c5f5e2a48664d1a79e5c10cf07963c78ac609e70c1f05a9,2026-05-23T12:37:59+00:00,0x54586bE62E3c3580375aE3723C145253060Ca0C2,2028.5240093,74513.41016565,0.9989
2026-05-24,25165199,0xec7ba9ffd109b554ce3f46b46edc7205f84aee8d80ae8cb03fce5cfc800a794d,2026-05-24T12:37:59+00:00,0x54586bE62E3c3580375aE3723C145253060Ca0C2,2123.43544,76747.50014006,0.99881206
2026-05-25,25172369,0xc686b9891c5859e69bc893b75db233a59e4119effeec605ba31742da24d2b6c7,2026-05-25T12:37:59+00:00,0x54586bE62E3c3580375aE3723C145253060Ca0C2,2116.17279788,77116.99025209,0.99869
2026-05-26,25179540,0xe19575e4180cb9c7b070b7f70f6a977b0072ded7bf81ecd3d0f77b2245c84e7c,2026-05-26T12:37:59+00:00,0x54586bE62E3c3580375aE3723C145253060Ca0C2,2109.44524297,76748.57599825,0.99906455
2026-05-27,25186717,0xafbc113d3cf799ff3b29d479dde096468ec1f97e1e5deb080f5e341dae8e202a,2026-05-27T12:37:59+00:00,0x54586bE62E3c3580375aE3723C145253060Ca0C2,2086.79,75522.5434935,0.99832756
2026-05-28,25193893,0x9be7cb5d3fed0ce988d6c1d989933fca48b62bf41a1a63916d570cf2a561d54b,2026-05-28T12:37:59+00:00,0x54586bE62E3c3580375aE3723C145253060Ca0C2,1985.62,73041.0109821,0.99811823
2026-05-29,25201068,0xa8875c3c8b068d09574601e8ae33c42ec4a4e0df63133c4542aae2da6936f724,2026-05-29T12:37:59+00:00,0x54586bE62E3c3580375aE3723C145253060Ca0C2,2005.53517,73048.09956241,0.9985002
2026-05-30,25208237,0xdbf762500d5adbba979fdd3ae9479a23afd1d30bb4f0101a1f1882dba66f3c43,2026-05-30T12:37:59+00:00,0x54586bE62E3c3580375aE3723C145253060Ca0C2,2015.61,73364.51860637,0.99862
2026-05-31,25215399,0x1125292085ce661fc8b275f4fdc2214fca9dbd0d8aee11b7a61ed2e97250d2f1,2026-05-31T12:37:59+00:00,0x54586bE62E3c3580375aE3723C145253060Ca0C2,2020.40741632,73692.05094211,0.99854
2026-06-01,25222571,0x336c736c23bdac6e0e51ea991a05d4dfaecab5d78588db33e02ee557158e0fd2,2026-06-01T12:37:59+00:00,0x54586bE62E3c3580375aE3723C145253060Ca0C2,1982.34,72060.13770688,0.99860279
2026-06-02,25229745,0xdf9514b3e08d86b39668f98dadaf828a89a94248a18ac8428f960a6c5b9bff86,2026-06-02T12:37:59+00:00,0x54586bE62E3c3580375aE3723C145253060Ca0C2,1977.14458,69173.15318779,0.99873611
2026-06-03,25236913,0x52863abe072032a3111402583f59caecfeea5a1535d57e08b6705634a6dc1ccf,2026-06-03T12:37:59+00:00,0x54586bE62E3c3580375aE3723C145253060Ca0C2,1876.7933,66832.30586088,0.99856152
2026-06-04,25244073,0xf8e6009eacc4720fa63e2eba9cdc6d4dfde325207e80d7fc8ef2d08bd9409b40,2026-06-04T12:37:59+00:00,0x54586bE62E3c3580375aE3723C145253060Ca0C2,1779.26,63502.25638003,0.99873
2026-06-05,25251223,0x8878ec290f5dd2d97307224dbc91c0175516456833db849467be0828932c66f3,2026-06-05T12:37:59+00:00,0x54586bE62E3c3580375aE3723C145253060Ca0C2,1647.12456,61618.0021216,0.99882932
2026-06-06,25258394,0xa62809cfe5a8a8b66a4c37ec1815459b85cfb0f9dca1cf97a5b316437432303b,2026-06-06T12:37:59+00:00,0x54586bE62E3c3580375aE3723C145253060Ca0C2,1560.57871279,60474.75907482,0.99932002
2026-06-07,25265566,0xb9e94c03ec9f2d820d214135445c91d61d862f52120cc929fdc7d72f20830dc1,2026-06-07T12:37:59+00:00,0x54586bE62E3c3580375aE3723C145253060Ca0C2,1615.36,61724.90384,0.99954281
2026-06-08,25272742,0x523a2b1c6fa781e255ba57fbc7990ec52d11e10eb53d40fd71f8b8d56ea6e93a,2026-06-08T12:37:59+00:00,0x54586bE62E3c3580375aE3723C145253060Ca0C2,1679.45,63089.06815035,0.99962394
2026-06-09,25279917,0xf6b8cd0e00cbc5a7fcd44a6436118a545a6af2d419b7c45a845c52b3744e5e3a,2026-06-09T12:37:59+00:00,0x54586bE62E3c3580375aE3723C145253060Ca0C2,1679.84,62522.37743157,0.9995
2026-06-10,25287096,0x801daa00f24f4411158b0963676c472b456cd46fb112aa9afd00cfcb8f598b6e,2026-06-10T12:37:59+00:00,0x54586bE62E3c3580375aE3723C145253060Ca0C2,1637.64670417,61651.78818457,0.99910381
2026-06-11,25294264,0x9af77572402d725e99645a702835804ed86eeb87ab67c64bb2dfeb08ffd763ef,2026-06-11T12:37:59+00:00,0x54586bE62E3c3580375aE3723C145253060Ca0C2,1649.64,62537.904352,0.99891129
2026-06-12,25301435,0x5282056f41a4c44fbaa6ffe5cafb733ce83e5c63947a4d089fa786c2e52bde87,2026-06-12T12:37:59+00:00,0x54586bE62E3c3580375aE3723C145253060Ca0C2,1669.11727391,63377.45598225,0.99890299
2026-06-13,25308606,0x80f40f1083d6c157c65a4fd08cd807b235cefa1635bcd969ee09b3d8090408ca,2026-06-13T12:37:59+00:00,0x54586bE62E3c3580375aE3723C145253060Ca0C2,1676.93,63819.18153474,0.99936
2026-06-14,25315772,0x3f42bcfa4e7f6dad5ba8594dbff41385191a08d29022420c93b8783b3961f383,2026-06-14T12:37:59+00:00,0x54586bE62E3c3580375aE3723C145253060Ca0C2,1674.75,64482.03482936,0.99947762
2026-06-15,25322950,0xe1cf8807a01c48f27b78f50ca38b8772a256a8d7df0867893acd8c658f973625,2026-06-15T12:37:59+00:00,0x54586bE62E3c3580375aE3723C145253060Ca0C2,1763.0938,66179.55820832,0.99932055
2026-06-16,25330129,0x2121a4b721f21ae55df06e6e7721eae622a9fc1e89f10d3e3d65ef2841dd48cd,2026-06-16T12:37:59+00:00,0x54586bE62E3c3580375aE3723C145253060Ca0C2,1826.45049,66533.45426466,0.99954332
2026-06-17,25337314,0x893b5caeba4a7896423815d9c4e701e0ea8c5425c6f3e974b101c320c5936591,2026-06-17T12:37:59+00:00,0x54586bE62E3c3580375aE3723C145253060Ca0C2,1743.68,64654.66686889,0.99917481
2026-06-18,25344498,0x14f6f81ef8339874657b4eeaee57ddaf13ee5fe48c76b3bb0227566d0e03304c,2026-06-18T12:37:59+00:00,0x54586bE62E3c3580375aE3723C145253060Ca0C2,1749.30083105,64018.58984057,0.99921726
2026-06-19,25351674,0x48ed4c7e7b14163ed9a8f1e669adb10cec4ca8342d8836abac9efb904de382f4,2026-06-19T12:37:59+00:00,0x54586bE62E3c3580375aE3723C145253060Ca0C2,1686.67029024,62509.59029496,0.99877
2026-06-20,25358848,0x1a375fa1268580b986f0c71d10f13a77bec41ece60174083c8dd7b8623032e29,2026-06-20T12:37:59+00:00,0x54586bE62E3c3580375aE3723C145253060Ca0C2,1728.11371,63582.05471093,0.99912203
2026-06-21,25366013,0x723201a12937efe30a245823cce9af3f8140b46f33a35ebc6f7b78b66db2b46d,2026-06-21T12:37:59+00:00,0x54586bE62E3c3580375aE3723C145253060Ca0C2,1717.9001,63979.39885445,0.9988605
2026-06-22,25373190,0x820158f2ead1042be4429b06c35aa4395b26c4173a7583c58eada5bd1a05685c,2026-06-22T12:37:59+00:00,0x54586bE62E3c3580375aE3723C145253060Ca0C2,1760.57055401,64816.56677253,0.99885662
2026-06-23,25380361,0x95a523c334cc8228b46c6e54b862ba6493fc4a19ef57eaf5252130eecdc00394,2026-06-23T12:37:59+00:00,0x54586bE62E3c3580375aE3723C145253060Ca0C2,1656.04818478,62234.20664499,0.99889
2026-06-24,25387520,0xd4e43a6a6edb0e77e544dc8e4b3507955344bad06b83918224a2cb9581cb48fb,2026-06-24T12:37:59+00:00,0x54586bE62E3c3580375aE3723C145253060Ca0C2,1675.4843,62661.55172162,0.99872873
2026-06-25,25394688,0x01ca348c182d04f14edaaaab04a7440eb1e56764d78bc78472d20d7b49c84647,2026-06-25T12:37:59+00:00,0x54586bE62E3c3580375aE3723C145253060Ca0C2,1638.09980422,61100.91596302,0.99845828
2026-06-26,25401854,0x7a232187781116b00bfbc91c64b9c3bb7ea3f56ec0a3230645e930273e89aedf,2026-06-26T12:37:59+00:00,0x54586bE62E3c3580375aE3723C145253060Ca0C2,1549.06405,59643.66198751,0.99854
2026-06-27,25409026,0x18325c9d3e6cdf6d1893d54177b1dc6ebe71ddaf9f1d23da09d615380974564b,2026-06-27T12:37:59+00:00,0x54586bE62E3c3580375aE3723C145253060Ca0C2,1581.09635458,60128.4823735,0.9985
2026-06-28,25416206,0x2afeb8feb256106cbfb4f5fb803f9b5873c4856b4b48ccafdc37bee76a8f2f52,2026-06-28T12:37:59+00:00,0x54586bE62E3c3580375aE3723C145253060Ca0C2,1577.98968189,60148.577916,0.99852
2026-06-29,25423371,0x3c9226f173696581665e5bfdc6bf09b3c44acea9dc12d7184e7f41fc87bdae31,2026-06-29T12:37:59+00:00,0x54586bE62E3c3580375aE3723C145253060Ca0C2,1586.79,60232.4575065,0.99851375
2026-06-30,25430542,0xbe93e165fb9c66bc6dd515abeb18b0a62ef7aa08d654a26fe9f404b4a36413b9,2026-06-30T12:37:59+00:00,0x54586bE62E3c3580375aE3723C145253060Ca0C2,1559.80132692,58789.05795203,0.99844
2026-07-01,25437714,0x0794d837cd2cd09b20da7800259c7cbb142de04c76fee9b02cf638a16a0601af,2026-07-01T12:37:59+00:00,0x54586bE62E3c3580375aE3723C145253060Ca0C2,1569.06831687,58541.32759363,0.99832115
2026-07-02,25444875,0xf3c13dde25f031c6d0b13454bafe76c51080a2678e76cb2e7351da85f141d5bd,2026-07-02T12:37:59+00:00,0x54586bE62E3c3580375aE3723C145253060Ca0C2,1651.5154775,61197.00949813,0.99895
2026-07-03,25452034,0x58f82f00ddccc5ba45573f659fdebffb508d5c36c27a2efb3150c54f340d3d57,2026-07-03T12:37:59+00:00,0x54586bE62E3c3580375aE3723C145253060Ca0C2,1731.46,61861.12558089,0.99903732
2026-07-04,25459208,0x69012da67b5a276ad84cecc4e5a3258f42ceda8cfa69fb16bcc0137f0e31fd41,2026-07-04T12:37:59+00:00,0x54586bE62E3c3580375aE3723C145253060Ca0C2,1759.78982834,62479.75020972,0.9991171
2026-07-05,25466370,0x5db6bb598a5e6f08cb3c653956c330a95e7579bebee7545306a2646f15c1481f,2026-07-05T12:37:59+00:00,0x54586bE62E3c3580375aE3723C145253060Ca0C2,1758.15857716,62629.37915543,0.99916
2026-07-06,25473542,0xc0f746ccaac701d0953882ec20cbf888683a6e8a629e97c4da90fa73882a2686,2026-07-06T12:37:59+00:00,0x54586bE62E3c3580375aE3723C145253060Ca0C2,1741.96948603,62041.232419,0.99914759
2026-07-07,25480718,0x4ab1a0f68502ef0702d41a68987c4d076a0c5af109d7ab68bb460afdb2a78d7e,2026-07-07T12:37:59+00:00,0x54586bE62E3c3580375aE3723C145253060Ca0C2,1790.91860801,63616.73654001,0.99931064
2026-07-08,25487898,0xf8f0e6224111ec3eb4ba4a5a59d57ffca4fd284847b97e0271d183267ec88aa4,2026-07-08T12:37:59+00:00,0x54586bE62E3c3580375aE3723C145253060Ca0C2,1746.2236,62092.9061844,0.99934862
2026-07-09,25495072,0xff6485020e56d77a5e2cc85b90193aabb97b531661442d422c2141fbf301f71a,2026-07-09T12:37:59+00:00,0x54586bE62E3c3580375aE3723C145253060Ca0C2,1742.83473732,62689.29345431,0.99906256
2026-07-10,25502236,0x2c49200d29952c42d577b136b13d365f48b7e8f4c62d105c22f891a3600863e6,2026-07-10T12:37:59+00:00,0x54586bE62E3c3580375aE3723C145253060Ca0C2,1801.24295085,64364.5397146,0.99914696
2026-07-11,25509418,0xbac2424a3a6f1c857cae5d895c02f9872a64f01f86c54edcd67dc5323beefcc5,2026-07-11T12:37:59+00:00,0x54586bE62E3c3580375aE3723C145253060Ca0C2,1797.24,64104.06540605,0.99930366
2026-07-12,25516589,0xadad82a182a0b91b2dbd89c095b9b9b112a27b5e73517d242d21e3689a4feecf,2026-07-12T12:37:59+00:00,0x54586bE62E3c3580375aE3723C145253060Ca0C2,1803.41,63984.70836201,0.99928293
2026-07-13,25523755,0xd43cbf430d4ea6026ec0a4110ddc47364e727003d48849c6c915513d7ad3d98a,2026-07-13T12:37:59+00:00,0x54586bE62E3c3580375aE3723C145253060Ca0C2,1769.27618676,62530.22641431,0.99937528
2026-07-14,25530931,0xf4800025af5a4d1f23df5c5454f281f64f254cdfe120e93621d999114d1a7f13,2026-07-14T12:37:59+00:00,0x54586bE62E3c3580375aE3723C145253060Ca0C2,1824.7813,63297.8642867,0.99880905
2026-07-15,25538103,0xeecfc260676f1e0080cefee2cacf0aa7a8ffd64f19d1f2604b901a60a961d7e0,2026-07-15T12:37:59+00:00,0x54586bE62E3c3580375aE3723C145253060Ca0C2,1890.32099109,64862.12479378,0.99939804
2026-07-16,25545276,0xd82f108d697e54bf714f1fbc0282e8963ae59e8b3bd43512d4c371f74b927de5,2026-07-16T12:37:59+00:00,0x54586bE62E3c3580375aE3723C145253060Ca0C2,1881.87079683,64130.48701554,0.99938441
2026-07-17,25552456,0x2f4acffcfcb17edeeb4854abe842fadf85bb42bbb56daafcb7733d55c8cef13f,2026-07-17T12:37:59+00:00,0x54586bE62E3c3580375aE3723C145253060Ca0C2,1830.61843,63222.2004975,0.99921122
2026-07-18,25559636,0xef7b08b1c5e48ddf591accc331cb0d7adaa987ef8a4d86bb706bae8405825f08,2026-07-18T12:37:59+00:00,0x54586bE62E3c3580375aE3723C145253060Ca0C2,1842.26965036,64018.03535402,0.99940035
2026-07-19,25566804,0xaeed43c2fee0b0f3f3f04bc777e70f8b915628c029b4fa63b125b53890c77efd,2026-07-19T12:37:59+00:00,0x54586bE62E3c3580375aE3723C145253060Ca0C2,1872.17089477,64291.671838,0.99933824
2026-07-20,25573974,0x626780b3e20464c19f2f746710aa2e9b6256f20b326bace0fb2bed42d5b17c9d,2026-07-20T12:37:59+00:00,0x54586bE62E3c3580375aE3723C145253060Ca0C2,1872.82,64621.95009779,0.99926262
